,CustomerID,CustomerName,BillToCustomerID,CustomerCategoryID,BuyingGroupID,PrimaryContactPersonID,AlternateContactPersonID,PostalCityID,CreditLimit,AccountOpenedDate,PhoneNumber,FaxNumber
0,1,Tailspin Toys (Head Office),1,3,1,1001,1002,19586,0,01/11/2016,(308) 555-0100,(308) 555-0101
1,2,"Tailspin Toys (Sylvanite, MT)",1,3,1,1003,1004,33475,0,01/11/2016,(406) 555-0100,(406) 555-0101
2,3,"Tailspin Toys (Peeples Valley, AZ)",1,3,1,1005,1006,26483,0,01/11/2016,(480) 555-0100,(480) 555-0101
3,4,"Tailspin Toys (Medicine Lodge, KS)",1,3,1,1007,1008,21692,0,01/11/2016,(316) 555-0100,(316) 555-0101
4,5,"Tailspin Toys (Gasport, NY)",1,3,1,1009,1010,12748,0,01/11/2016,(212) 555-0100,(212) 555-0101
5,6,"Tailspin Toys (Jessie, ND)",1,3,1,1011,1012,17054,0,01/11/2016,(701) 555-0100,(701) 555-0101
6,7,"Tailspin Toys (Frankewing, TN)",1,3,1,1013,1014,12152,0,01/11/2016,(423) 555-0100,(423) 555-0101
7,8,"Tailspin Toys (Bow Mar, CO)",1,3,1,1015,1016,3673,0,01/11/2016,(303) 555-0100,(303) 555-0101
8,9,"Tailspin Toys (Netcong, NJ)",1,3,1,1017,1018,23805,0,01/11/2016,(201) 555-0100,(201) 555-0101
9,10,"Tailspin Toys (Wimbledon, ND)",1,3,1,1019,1020,37403,0,01/11/2016,(701) 555-0100,(701) 555-0101
10,11,"Tailspin Toys (Devault, PA)",1,3,1,1021,1022,8987,0,01/11/2016,(215) 555-0100,(215) 555-0101
11,12,"Tailspin Toys (Biscay, MN)",1,3,1,1023,1024,3081,0,01/11/2016,(218) 555-0100,(218) 555-0101
12,13,"Tailspin Toys (Stonefort, IL)",1,3,1,1025,1026,32887,0,01/11/2016,(217) 555-0100,(217) 555-0101
13,14,"Tailspin Toys (Long Meadow, MD)",1,3,1,1027,1028,19908,0,01/11/2016,(240) 555-0100,(240) 555-0101
14,15,"Tailspin Toys (Batson, TX)",1,3,1,1029,1030,2111,0,01/11/2016,(210) 555-0100,(210) 555-0101
15,16,"Tailspin Toys (Coney Island, MO)",1,3,1,1031,1032,7409,0,01/11/2016,(314) 555-0100,(314) 555-0101
16,17,"Tailspin Toys (East Fultonham, OH)",1,3,1,1033,1034,9791,0,01/11/2016,(216) 555-0100,(216) 555-0101
17,18,"Tailspin Toys (Goffstown, NH)",1,3,1,1035,1036,13304,0,01/11/2016,(603) 555-0100,(603) 555-0101
18,19,"Tailspin Toys (Lemeta, AK)",1,3,1,1037,1038,19124,0,01/11/2016,(907) 555-0100,(907) 555-0101
19,20,"Tailspin Toys (College Place, WA)",1,3,1,1039,1040,7160,0,01/11/2016,(206) 555-0100,(206) 555-0101
20,21,"Tailspin Toys (Tresckow, PA)",1,3,1,1041,1042,34403,0,01/11/2016,(215) 555-0100,(215) 555-0101
21,22,"Tailspin Toys (Ward Ridge, FL)",1,3,1,1043,1044,35844,0,01/11/2016,(239) 555-0100,(239) 555-0101
22,23,"Tailspin Toys (Ikatan, AK)",1,3,1,1045,1046,16411,0,01/11/2016,(907) 555-0100,(907) 555-0101
23,24,"Tailspin Toys (Dundarrach, NC)",1,3,1,1047,1048,9524,0,01/11/2016,(252) 555-0100,(252) 555-0101
24,25,"Tailspin Toys (Avenal, CA)",1,3,1,1049,1050,1604,0,01/11/2016,(209) 555-0100,(209) 555-0101
25,26,"Tailspin Toys (Hedrick, IA)",1,3,1,1051,1052,15102,0,01/11/2016,(319) 555-0100,(319) 555-0101
26,27,"Tailspin Toys (Bowlus, MN)",1,3,1,1053,1054,3707,0,01/11/2016,(218) 555-0100,(218) 555-0101
27,28,"Tailspin Toys (North Ridge, NY)",1,3,1,1055,1056,24700,0,01/11/2016,(212) 555-0100,(212) 555-0101
28,29,"Tailspin Toys (Eulaton, AL)",1,3,1,1057,1058,10910,0,01/11/2016,(205) 555-0100,(205) 555-0101
29,30,"Tailspin Toys (Koontzville, WA)",1,3,1,1059,1060,17999,0,01/11/2016,(206) 555-0100,(206) 555-0101
30,31,"Tailspin Toys (Lake Stevens, WA)",1,3,1,1061,1062,18460,0,01/11/2016,(206) 555-0100,(206) 555-0101
31,32,"Tailspin Toys (Maypearl, TX)",1,3,1,1063,1064,21367,0,01/11/2016,(210) 555-0100,(210) 555-0101
32,33,"Tailspin Toys (Boyden Arbor, SC)",1,3,1,1065,1066,3736,0,01/11/2016,(803) 555-0100,(803) 555-0101
33,34,"Tailspin Toys (Dallardsville, TX)",1,3,1,1067,1068,8375,0,01/11/2016,(210) 555-0100,(210) 555-0101
34,35,"Tailspin Toys (Slanesville, WV)",1,3,1,1069,1070,31758,0,01/11/2016,(304) 555-0100,(304) 555-0101
35,36,"Tailspin Toys (Ekron, KY)",1,3,1,1071,1072,10193,0,01/11/2016,(270) 555-0100,(270) 555-0101
36,37,"Tailspin Toys (Kerby, OR)",1,3,1,1073,1074,17591,0,01/11/2016,(458) 555-0100,(458) 555-0101
37,38,"Tailspin Toys (Airport Drive, MO)",1,3,1,1075,1076,232,0,01/11/2016,(314) 555-0100,(314) 555-0101
38,39,"Tailspin Toys (Diablock, KY)",1,3,1,1077,1078,9040,0,01/11/2016,(270) 555-0100,(270) 555-0101
39,40,"Tailspin Toys (Impact, TX)",1,3,1,1079,1080,16433,0,01/11/2016,(210) 555-0100,(210) 555-0101
40,41,"Tailspin Toys (Olivette, MO)",1,3,1,1081,1082,25376,0,01/11/2016,(314) 555-0100,(314) 555-0101
41,42,"Tailspin Toys (Arietta, NY)",1,3,1,1083,1084,1132,0,01/11/2016,(212) 555-0100,(212) 555-0101
42,43,"Tailspin Toys (Upper Preston, WA)",1,3,1,1085,1086,34910,0,01/11/2016,(206) 555-0100,(206) 555-0101
43,44,"Tailspin Toys (Amanda Park, WA)",1,3,1,1087,1088,696,0,01/11/2016,(206) 555-0100,(206) 555-0101
44,45,"Tailspin Toys (Severna Park, MD)",1,3,1,1089,1090,31104,0,01/11/2016,(240) 555-0100,(240) 555-0101
45,46,"Tailspin Toys (Jemison, AL)",1,3,1,1091,1092,16992,0,01/11/2016,(205) 555-0100,(205) 555-0101
46,47,"Tailspin Toys (Lake Hughes, CA)",1,3,1,1093,1094,18375,0,01/11/2016,(209) 555-0100,(209) 555-0101
47,48,"Tailspin Toys (Trentwood, WA)",1,3,1,1095,1096,34400,0,01/11/2016,(206) 555-0100,(206) 555-0101
48,49,"Tailspin Toys (Muir, MI)",1,3,1,1097,1098,23396,0,01/11/2016,(231) 555-0100,(231) 555-0101
49,50,"Tailspin Toys (Hambleton, WV)",1,3,1,1099,1100,14380,0,01/11/2016,(304) 555-0100,(304) 555-0101
50,51,"Tailspin Toys (Imlaystown, NJ)",1,3,1,1101,1102,16430,0,01/11/2016,(201) 555-0100,(201) 555-0101
51,52,"Tailspin Toys (Idria, CA)",1,3,1,1103,1104,16401,0,01/11/2016,(209) 555-0100,(209) 555-0101
52,53,"Tailspin Toys (Nanafalia, AL)",1,3,1,1105,1106,23560,0,01/11/2016,(205) 555-0100,(205) 555-0101
53,54,"Tailspin Toys (Railroad, PA)",1,3,1,1107,1108,28222,0,01/11/2016,(215) 555-0100,(215) 555-0101
54,55,"Tailspin Toys (Gum Branch, GA)",1,3,1,1109,1110,14194,0,01/11/2016,(229) 555-0100,(229) 555-0101
55,56,"Tailspin Toys (Royal City, WA)",1,3,1,1111,1112,29729,0,01/11/2016,(206) 555-0100,(206) 555-0101
56,57,"Tailspin Toys (Lakemore, OH)",1,3,1,1113,1114,18514,0,01/11/2016,(216) 555-0100,(216) 555-0101
57,58,"Tailspin Toys (Mappsburg, VA)",1,3,1,1115,1116,20868,0,01/11/2016,(276) 555-0100,(276) 555-0101
58,59,"Tailspin Toys (Edgartown, MA)",1,3,1,1117,1118,10055,0,01/11/2016,(339) 555-0100,(339) 555-0101
59,60,"Tailspin Toys (East Dailey, WV)",1,3,1,1119,1120,9772,0,01/11/2016,(304) 555-0100,(304) 555-0101
60,61,"Tailspin Toys (Fairfield Glade, TN)",1,3,1,1121,1122,11131,0,01/11/2016,(423) 555-0100,(423) 555-0101
61,62,"Tailspin Toys (Great Neck Estates, NY)",1,3,1,1123,1124,13800,0,01/11/2016,(212) 555-0100,(212) 555-0101
62,63,"Tailspin Toys (Stallion Springs, CA)",1,3,1,1125,1126,32561,0,01/11/2016,(209) 555-0100,(209) 555-0101
63,64,"Tailspin Toys (Hodgdon, ME)",1,3,1,1127,1128,15646,0,01/11/2016,(207) 555-0100,(207) 555-0101
64,65,"Tailspin Toys (North Cowden, TX)",1,3,1,1129,1130,24579,0,01/11/2016,(210) 555-0100,(210) 555-0101
65,66,"Tailspin Toys (Madaket, MA)",1,3,1,1131,1132,20475,0,01/11/2016,(339) 555-0100,(339) 555-0101
66,67,"Tailspin Toys (Sentinel Butte, ND)",1,3,1,1133,1134,31075,0,01/11/2016,(701) 555-0100,(701) 555-0101
67,68,"Tailspin Toys (Gardere, LA)",1,3,1,1135,1136,12653,0,01/11/2016,(225) 555-0100,(225) 555-0101
68,69,"Tailspin Toys (Lytle Creek, CA)",1,3,1,1137,1138,20413,0,01/11/2016,(209) 555-0100,(209) 555-0101
69,70,"Tailspin Toys (New Baden, IL)",1,3,1,1139,1140,23843,0,01/11/2016,(217) 555-0100,(217) 555-0101
70,71,"Tailspin Toys (Good Hart, MI)",1,3,1,1141,1142,13375,0,01/11/2016,(231) 555-0100,(231) 555-0101
71,72,"Tailspin Toys (Cortaro, AZ)",1,3,1,1143,1144,7672,0,01/11/2016,(480) 555-0100,(480) 555-0101
72,73,"Tailspin Toys (Cokato, MN)",1,3,1,1145,1146,7071,0,01/11/2016,(218) 555-0100,(218) 555-0101
73,74,"Tailspin Toys (Indios, PR)",1,3,1,1147,1148,16520,0,01/11/2016,(787) 555-0100,(787) 555-0101
74,75,"Tailspin Toys (Windsor Locks, CT)",1,3,1,1149,1150,37473,0,01/11/2016,(203) 555-0100,(203) 555-0101
75,76,"Tailspin Toys (Yewed, OK)",1,3,1,1151,1152,38042,0,01/11/2016,(405) 555-0100,(405) 555-0101
76,77,"Tailspin Toys (Hahira, GA)",1,3,1,1153,1154,14287,0,01/11/2016,(229) 555-0100,(229) 555-0101
77,78,"Tailspin Toys (Sekiu, WA)",1,3,1,1155,1156,31010,0,01/11/2016,(206) 555-0100,(206) 555-0101
78,79,"Tailspin Toys (Page City, KS)",1,3,1,1157,1158,25933,0,01/11/2016,(316) 555-0100,(316) 555-0101
79,80,"Tailspin Toys (Valdese, NC)",1,3,1,1159,1160,34990,0,01/11/2016,(252) 555-0100,(252) 555-0101
80,81,"Tailspin Toys (Big Moose, NY)",1,3,1,1161,1162,2971,0,01/11/2016,(212) 555-0100,(212) 555-0101
81,82,"Tailspin Toys (La Cueva, NM)",1,3,1,1163,1164,18087,0,01/11/2016,(505) 555-0100,(505) 555-0101
82,83,"Tailspin Toys (Absecon, NJ)",1,3,1,1165,1166,49,0,01/11/2016,(201) 555-0100,(201) 555-0101
83,84,"Tailspin Toys (Aceitunas, PR)",1,3,1,1167,1168,58,0,01/11/2016,(787) 555-0100,(787) 555-0101
84,85,"Tailspin Toys (Andrix, CO)",1,3,1,1169,1170,843,0,01/11/2016,(303) 555-0100,(303) 555-0101
85,86,"Tailspin Toys (New Lexington, OH)",1,3,1,1171,1172,24014,0,01/11/2016,(216) 555-0100,(216) 555-0101
86,87,"Tailspin Toys (Sauquoit, NY)",1,3,1,1173,1174,30698,0,01/11/2016,(212) 555-0100,(212) 555-0101
87,88,"Tailspin Toys (Dracut, MA)",1,3,1,1175,1176,9379,0,01/11/2016,(339) 555-0100,(339) 555-0101
88,89,"Tailspin Toys (Victory Gardens, NJ)",1,3,1,1177,1178,35344,0,01/11/2016,(201) 555-0100,(201) 555-0101
89,90,"Tailspin Toys (Tolna, ND)",1,3,1,1179,1180,34192,0,01/11/2016,(701) 555-0100,(701) 555-0101
90,91,"Tailspin Toys (Alstead, NH)",1,3,1,1181,1182,600,0,01/11/2016,(603) 555-0100,(603) 555-0101
91,92,"Tailspin Toys (Sans Souci, SC)",1,3,1,1183,1184,30548,0,01/11/2016,(803) 555-0100,(803) 555-0101
92,93,"Tailspin Toys (Clewiston, FL)",1,3,1,1185,1186,6809,0,01/11/2016,(239) 555-0100,(239) 555-0101
93,94,"Tailspin Toys (Cheyenne Wells, CO)",1,3,1,1187,1188,6327,0,01/11/2016,(303) 555-0100,(303) 555-0101
94,95,"Tailspin Toys (Lavon, TX)",1,3,1,1189,1190,18882,0,01/11/2016,(210) 555-0100,(210) 555-0101
95,96,"Tailspin Toys (South La Paloma, TX)",1,3,1,1191,1192,32124,0,01/11/2016,(210) 555-0100,(210) 555-0101
96,97,"Tailspin Toys (Manchester Center, VT)",1,3,1,1193,1194,20710,0,01/11/2016,(802) 555-0100,(802) 555-0101
97,98,"Tailspin Toys (El Centro, CA)",1,3,1,1195,1196,10199,0,01/11/2016,(209) 555-0100,(209) 555-0101
98,99,"Tailspin Toys (Guin, AL)",1,3,1,1197,1198,14173,0,01/11/2016,(205) 555-0100,(205) 555-0101
99,100,"Tailspin Toys (Tunnelhill, PA)",1,3,1,1199,1200,34584,0,01/11/2016,(215) 555-0100,(215) 555-0101
100,101,"Tailspin Toys (Cundiyo, NM)",1,3,1,1201,1202,8227,0,01/11/2016,(505) 555-0100,(505) 555-0101
101,102,"Tailspin Toys (Fieldbrook, CA)",1,3,1,1203,1204,11520,0,01/11/2016,(209) 555-0100,(209) 555-0101
102,103,"Tailspin Toys (Kalvesta, KS)",1,3,1,1205,1206,17306,0,01/11/2016,(316) 555-0100,(316) 555-0101
103,104,"Tailspin Toys (Wallagrass, ME)",1,3,1,1207,1208,35712,0,01/11/2016,(207) 555-0100,(207) 555-0101
104,105,"Tailspin Toys (Tomnolen, MS)",1,3,1,1209,1210,34208,0,01/11/2016,(228) 555-0100,(228) 555-0101
105,106,"Tailspin Toys (Tumacacori, AZ)",1,3,1,1211,1212,34568,0,01/11/2016,(480) 555-0100,(480) 555-0101
106,107,"Tailspin Toys (Glen Avon, CA)",1,3,1,1213,1214,13109,0,01/11/2016,(209) 555-0100,(209) 555-0101
107,108,"Tailspin Toys (Bernie, MO)",1,3,1,1215,1216,2789,0,01/11/2016,(314) 555-0100,(314) 555-0101
108,109,"Tailspin Toys (South Laguna, CA)",1,3,1,1217,1218,32126,0,01/11/2016,(209) 555-0100,(209) 555-0101
109,110,"Tailspin Toys (North Crows Nest, IN)",1,3,1,1219,1220,24583,0,01/11/2016,(219) 555-0100,(219) 555-0101
110,111,"Tailspin Toys (Oriole Beach, FL)",1,3,1,1221,1222,25595,0,01/11/2016,(239) 555-0100,(239) 555-0101
111,112,"Tailspin Toys (Sallyards, KS)",1,3,1,1223,1224,30288,0,01/11/2016,(316) 555-0100,(316) 555-0101
112,113,"Tailspin Toys (Dahlia, NM)",1,3,1,1225,1226,8337,0,01/11/2016,(505) 555-0100,(505) 555-0101
113,114,"Tailspin Toys (Cherry Grove Beach, SC)",1,3,1,1227,1228,6221,0,01/11/2016,(803) 555-0100,(803) 555-0101
114,115,"Tailspin Toys (Bethania, NC)",1,3,1,1229,1230,2838,0,01/11/2016,(252) 555-0100,(252) 555-0101
115,116,"Tailspin Toys (Rafael Capó, PR)",1,3,1,1231,1232,28210,0,01/11/2016,(787) 555-0100,(787) 555-0101
116,117,"Tailspin Toys (Scofield, UT)",1,3,1,1233,1234,30839,0,01/11/2016,(385) 555-0100,(385) 555-0101
117,118,"Tailspin Toys (Vassalboro, ME)",1,3,1,1235,1236,35160,0,01/11/2016,(207) 555-0100,(207) 555-0101
118,119,"Tailspin Toys (Statenville, GA)",1,3,1,1237,1238,32688,0,01/11/2016,(229) 555-0100,(229) 555-0101
119,120,"Tailspin Toys (Bratenahl, OH)",1,3,1,1239,1240,3893,0,01/11/2016,(216) 555-0100,(216) 555-0101
120,121,"Tailspin Toys (Elrosa, MN)",1,3,1,1241,1242,10561,0,01/11/2016,(218) 555-0100,(218) 555-0101
121,122,"Tailspin Toys (McClave, CO)",1,3,1,1243,1244,21439,0,01/11/2016,(303) 555-0100,(303) 555-0101
122,123,"Tailspin Toys (Roe Park, NY)",1,3,1,1245,1246,29371,0,01/11/2016,(212) 555-0100,(212) 555-0101
123,124,"Tailspin Toys (Hanoverton, OH)",1,3,1,1247,1248,14556,0,01/11/2016,(216) 555-0100,(216) 555-0101
124,125,"Tailspin Toys (Annamoriah, WV)",1,3,1,1249,1250,890,0,01/11/2016,(304) 555-0100,(304) 555-0101
125,126,"Tailspin Toys (Francis Mills, NJ)",1,3,1,1251,1252,12142,0,01/11/2016,(201) 555-0100,(201) 555-0101
126,127,"Tailspin Toys (Point Roberts, WA)",1,3,1,1253,1254,27424,0,01/11/2016,(206) 555-0100,(206) 555-0101
127,128,"Tailspin Toys (East Portal, CO)",1,3,1,1255,1256,9884,0,01/11/2016,(303) 555-0100,(303) 555-0101
128,129,"Tailspin Toys (Mineral Hills, MI)",1,3,1,1257,1258,22430,0,01/11/2016,(231) 555-0100,(231) 555-0101
129,130,"Tailspin Toys (Maple Shade, NJ)",1,3,1,1259,1260,20846,0,01/11/2016,(201) 555-0100,(201) 555-0101
130,131,"Tailspin Toys (Kwethluk, AK)",1,3,1,1261,1262,18058,0,01/11/2016,(907) 555-0100,(907) 555-0101
131,132,"Tailspin Toys (Minidoka, ID)",1,3,1,1263,1264,22453,0,01/11/2016,(208) 555-0100,(208) 555-0101
132,133,"Tailspin Toys (Lake Erie Beach, NY)",1,3,1,1265,1266,18346,0,01/11/2016,(212) 555-0100,(212) 555-0101
133,134,"Tailspin Toys (Tavares, FL)",1,3,1,1267,1268,33660,0,01/11/2016,(239) 555-0100,(239) 555-0101
134,135,"Tailspin Toys (Terre du Lac, MO)",1,3,1,1269,1270,33806,0,01/11/2016,(314) 555-0100,(314) 555-0101
135,136,"Tailspin Toys (Mount Montgomery, NV)",1,3,1,1271,1272,23229,0,01/11/2016,(702) 555-0100,(702) 555-0101
136,137,"Tailspin Toys (Carbonville, UT)",1,3,1,1273,1274,5304,0,01/11/2016,(385) 555-0100,(385) 555-0101
137,138,"Tailspin Toys (Navassa, NC)",1,3,1,1275,1276,23687,0,01/11/2016,(252) 555-0100,(252) 555-0101
138,139,"Tailspin Toys (Hardeeville, SC)",1,3,1,1277,1278,14596,0,01/11/2016,(803) 555-0100,(803) 555-0101
139,140,"Tailspin Toys (Furley, KS)",1,3,1,1279,1280,12483,0,01/11/2016,(316) 555-0100,(316) 555-0101
140,141,"Tailspin Toys (Arrow Rock, MO)",1,3,1,1281,1282,1244,0,01/11/2016,(314) 555-0100,(314) 555-0101
141,142,"Tailspin Toys (King Cove, AK)",1,3,1,1283,1284,17742,0,01/11/2016,(907) 555-0100,(907) 555-0101
142,143,"Tailspin Toys (Ashtabula, OH)",1,3,1,1285,1286,1343,0,01/11/2016,(216) 555-0100,(216) 555-0101
143,144,"Tailspin Toys (Larose, LA)",1,3,1,1287,1288,18772,0,01/11/2016,(225) 555-0100,(225) 555-0101
144,145,"Tailspin Toys (Manahawkin, NJ)",1,3,1,1289,1290,20672,0,01/11/2016,(201) 555-0100,(201) 555-0101
145,146,"Tailspin Toys (Belgreen, AL)",1,3,1,1291,1292,2425,0,01/11/2016,(205) 555-0100,(205) 555-0101
146,147,"Tailspin Toys (Fishtail, MT)",1,3,1,1293,1294,11597,0,01/11/2016,(406) 555-0100,(406) 555-0101
147,148,"Tailspin Toys (Baraboo, WI)",1,3,1,1295,1296,1904,0,01/11/2016,(262) 555-0100,(262) 555-0101
148,149,"Tailspin Toys (Inguadona, MN)",1,3,1,1297,1298,16557,0,01/11/2016,(218) 555-0100,(218) 555-0101
149,150,"Tailspin Toys (Corfu, NY)",1,3,1,1299,1300,7594,0,01/11/2016,(212) 555-0100,(212) 555-0101
150,151,"Tailspin Toys (Antares, AZ)",1,3,1,1301,1302,928,0,01/11/2016,(480) 555-0100,(480) 555-0101
151,152,"Tailspin Toys (Sun River, MT)",1,3,1,1303,1304,33227,0,01/11/2016,(406) 555-0100,(406) 555-0101
152,153,"Tailspin Toys (Marcell, MN)",1,3,1,1305,1306,20901,0,01/11/2016,(218) 555-0100,(218) 555-0101
153,154,"Tailspin Toys (Eden Valley, MN)",1,3,1,1307,1308,10043,0,01/11/2016,(218) 555-0100,(218) 555-0101
154,155,"Tailspin Toys (Arbor Vitae, WI)",1,3,1,1309,1310,1040,0,01/11/2016,(262) 555-0100,(262) 555-0101
155,156,"Tailspin Toys (Hollywood Park, TX)",1,3,1,1311,1312,15783,0,01/11/2016,(210) 555-0100,(210) 555-0101
156,157,"Tailspin Toys (Saks, AL)",1,3,1,1313,1314,30216,0,01/11/2016,(205) 555-0100,(205) 555-0101
157,158,"Tailspin Toys (Donner, LA)",1,3,1,1315,1316,9237,0,01/11/2016,(225) 555-0100,(225) 555-0101
158,159,"Tailspin Toys (Saint Louis Park, MN)",1,3,1,1317,1318,30132,0,01/11/2016,(218) 555-0100,(218) 555-0101
159,160,"Tailspin Toys (Crary, ND)",1,3,1,1319,1320,7914,0,01/11/2016,(701) 555-0100,(701) 555-0101
160,161,"Tailspin Toys (Aspen Park, CO)",1,3,1,1321,1322,1366,0,01/11/2016,(303) 555-0100,(303) 555-0101
161,162,"Tailspin Toys (Glen Park, NY)",1,3,1,1323,1324,13136,0,01/11/2016,(212) 555-0100,(212) 555-0101
162,163,"Tailspin Toys (Panaca, NV)",1,3,1,1325,1326,26076,0,01/11/2016,(702) 555-0100,(702) 555-0101
163,164,"Tailspin Toys (Rothsville, PA)",1,3,1,1327,1328,29651,0,01/11/2016,(215) 555-0100,(215) 555-0101
164,165,"Tailspin Toys (Topstone, CT)",1,3,1,1329,1330,34256,0,01/11/2016,(203) 555-0100,(203) 555-0101
165,166,"Tailspin Toys (McCamey, TX)",1,3,1,1331,1332,21431,0,01/11/2016,(210) 555-0100,(210) 555-0101
166,167,"Tailspin Toys (Rockwall, TX)",1,3,1,1333,1334,29320,0,01/11/2016,(210) 555-0100,(210) 555-0101
167,168,"Tailspin Toys (Seagraves, TX)",1,3,1,1335,1336,30926,0,01/11/2016,(210) 555-0100,(210) 555-0101
168,169,"Tailspin Toys (Sinclair, WY)",1,3,1,1337,1338,31685,0,01/11/2016,(307) 555-0100,(307) 555-0101
169,170,"Tailspin Toys (Eastchester, NY)",1,3,1,1339,1340,9932,0,01/11/2016,(212) 555-0100,(212) 555-0101
170,171,"Tailspin Toys (Ortley Beach, NJ)",1,3,1,1341,1342,25653,0,01/11/2016,(201) 555-0100,(201) 555-0101
171,172,"Tailspin Toys (Madrone, NM)",1,3,1,1343,1344,20535,0,01/11/2016,(505) 555-0100,(505) 555-0101
172,173,"Tailspin Toys (Wappingers Falls, NY)",1,3,1,1345,1346,35833,0,01/11/2016,(212) 555-0100,(212) 555-0101
173,174,"Tailspin Toys (Astor Park, FL)",1,3,1,1347,1348,1380,0,01/11/2016,(239) 555-0100,(239) 555-0101
174,175,"Tailspin Toys (San Acacia, NM)",1,3,1,1349,1350,30342,0,01/11/2016,(505) 555-0100,(505) 555-0101
175,176,"Tailspin Toys (Malott, WA)",1,3,1,1351,1352,20642,0,01/11/2016,(206) 555-0100,(206) 555-0101
176,177,"Tailspin Toys (Orrtanna, PA)",1,3,1,1353,1354,25646,0,01/11/2016,(215) 555-0100,(215) 555-0101
177,178,"Tailspin Toys (Armstrong Creek, WI)",1,3,1,1355,1356,1207,0,01/11/2016,(262) 555-0100,(262) 555-0101
178,179,"Tailspin Toys (Hiteman, IA)",1,3,1,1357,1358,15610,0,01/11/2016,(319) 555-0100,(319) 555-0101
179,180,"Tailspin Toys (Caselton, NV)",1,3,1,1359,1360,5540,0,01/11/2016,(702) 555-0100,(702) 555-0101
180,181,"Tailspin Toys (Heilwood, PA)",1,3,1,1361,1362,15118,0,01/11/2016,(215) 555-0100,(215) 555-0101
181,182,"Tailspin Toys (Hayes Center, NE)",1,3,1,1363,1364,14977,0,01/11/2016,(308) 555-0100,(308) 555-0101
182,183,"Tailspin Toys (Tierra Verde, FL)",1,3,1,1365,1366,34028,0,01/11/2016,(239) 555-0100,(239) 555-0101
183,184,"Tailspin Toys (South Euclid, OH)",1,3,1,1367,1368,32083,0,01/11/2016,(216) 555-0100,(216) 555-0101
184,185,"Tailspin Toys (Vidrine, LA)",1,3,1,1369,1370,35355,0,01/11/2016,(225) 555-0100,(225) 555-0101
185,186,"Tailspin Toys (Placer, OR)",1,3,1,1371,1372,27166,0,01/11/2016,(458) 555-0100,(458) 555-0101
186,187,"Tailspin Toys (Brown City, MI)",1,3,1,1373,1374,4291,0,01/11/2016,(231) 555-0100,(231) 555-0101
187,188,"Tailspin Toys (Premont, TX)",1,3,1,1375,1376,27840,0,01/11/2016,(210) 555-0100,(210) 555-0101
188,189,"Tailspin Toys (Wilkes-Barre, PA)",1,3,1,1377,1378,37194,0,01/11/2016,(215) 555-0100,(215) 555-0101
189,190,"Tailspin Toys (Teutopolis, IL)",1,3,1,1379,1380,33832,0,01/11/2016,(217) 555-0100,(217) 555-0101
190,191,"Tailspin Toys (Orchard Hill, GA)",1,3,1,1381,1382,25552,0,01/11/2016,(229) 555-0100,(229) 555-0101
191,192,"Tailspin Toys (Optimo, NM)",1,3,1,1383,1384,25505,0,01/11/2016,(505) 555-0100,(505) 555-0101
192,193,"Tailspin Toys (Knifley, KY)",1,3,1,1385,1386,17931,0,01/11/2016,(270) 555-0100,(270) 555-0101
193,194,"Tailspin Toys (Naples Park, FL)",1,3,1,1387,1388,23592,0,01/11/2016,(239) 555-0100,(239) 555-0101
194,195,"Tailspin Toys (Lesslie, SC)",1,3,1,1389,1390,19232,0,01/11/2016,(803) 555-0100,(803) 555-0101
195,196,"Tailspin Toys (Howells, NE)",1,3,1,1391,1392,16090,0,01/11/2016,(308) 555-0100,(308) 555-0101
196,197,"Tailspin Toys (Magalia, CA)",1,3,1,1393,1394,20538,0,01/11/2016,(209) 555-0100,(209) 555-0101
197,198,"Tailspin Toys (Buell, MO)",1,3,1,1395,1396,4491,0,01/11/2016,(314) 555-0100,(314) 555-0101
198,199,"Tailspin Toys (Antonito, CO)",1,3,1,1397,1398,962,0,01/11/2016,(303) 555-0100,(303) 555-0101
199,200,"Tailspin Toys (Tooele, UT)",1,3,1,1399,1400,34230,0,01/11/2016,(385) 555-0100,(385) 555-0101
200,201,"Tailspin Toys (Skyway, WA)",1,3,1,1401,1402,31752,0,01/11/2016,(206) 555-0100,(206) 555-0101
201,401,Wingtip Toys (Head Office),401,3,2,2001,2002,25555,0,01/11/2016,(303) 555-0100,(303) 555-0101
202,402,"Wingtip Toys (Black Lick, PA)",401,3,2,2003,2004,3127,0,01/11/2016,(215) 555-0100,(215) 555-0101
203,403,"Wingtip Toys (Queen Valley, AZ)",401,3,2,2005,2006,28129,0,01/11/2016,(480) 555-0100,(480) 555-0101
204,404,"Wingtip Toys (Penns Creek, PA)",401,3,2,2007,2008,26579,0,01/11/2016,(215) 555-0100,(215) 555-0101
205,405,"Wingtip Toys (Bourbonnais, IL)",401,3,2,2009,2010,3659,0,01/11/2016,(217) 555-0100,(217) 555-0101
206,406,"Wingtip Toys (Tuscaloosa, AL)",401,3,2,2011,2012,34633,0,01/11/2016,(205) 555-0100,(205) 555-0101
207,407,"Wingtip Toys (Mooringsport, LA)",401,3,2,2013,2014,22903,0,01/11/2016,(225) 555-0100,(225) 555-0101
208,408,"Wingtip Toys (Rockwall, TX)",401,3,2,2015,2016,29320,0,01/11/2016,(210) 555-0100,(210) 555-0101
209,409,"Wingtip Toys (Orick, CA)",401,3,2,2017,2018,25581,0,01/11/2016,(209) 555-0100,(209) 555-0101
210,410,"Wingtip Toys (Bernstein, TX)",401,3,2,2019,2020,2791,0,01/11/2016,(210) 555-0100,(210) 555-0101
211,411,"Wingtip Toys (Edmund, WI)",401,3,2,2021,2022,10134,0,01/11/2016,(262) 555-0100,(262) 555-0101
212,412,"Wingtip Toys (Bozeman Hot Springs, MT)",401,3,2,2023,2024,3762,0,01/11/2016,(406) 555-0100,(406) 555-0101
213,413,"Wingtip Toys (Truscott, TX)",401,3,2,2025,2026,34519,0,01/11/2016,(210) 555-0100,(210) 555-0101
214,414,"Wingtip Toys (Rose Tree, PA)",401,3,2,2027,2028,29530,0,01/11/2016,(215) 555-0100,(215) 555-0101
215,415,"Wingtip Toys (Leathersville, GA)",401,3,2,2029,2030,18983,0,01/11/2016,(229) 555-0100,(229) 555-0101
216,416,"Wingtip Toys (Necedah, WI)",401,3,2,2031,2032,23707,0,01/11/2016,(262) 555-0100,(262) 555-0101
217,417,"Wingtip Toys (Chetek, WI)",401,3,2,2033,2034,6313,0,01/11/2016,(262) 555-0100,(262) 555-0101
218,418,"Wingtip Toys (Yaak, MT)",401,3,2,2035,2036,37969,0,01/11/2016,(406) 555-0100,(406) 555-0101
219,419,"Wingtip Toys (Compass Lake, FL)",401,3,2,2037,2038,7343,0,01/11/2016,(239) 555-0100,(239) 555-0101
220,420,"Wingtip Toys (Herlong, CA)",401,3,2,2039,2040,15248,0,01/11/2016,(209) 555-0100,(209) 555-0101
221,421,"Wingtip Toys (Highland Home, AL)",401,3,2,2041,2042,15434,0,01/11/2016,(205) 555-0100,(205) 555-0101
222,422,"Wingtip Toys (Naches, WA)",401,3,2,2043,2044,23542,0,01/11/2016,(206) 555-0100,(206) 555-0101
223,423,"Wingtip Toys (Baldwin City, KS)",401,3,2,2045,2046,1811,0,01/11/2016,(316) 555-0100,(316) 555-0101
224,424,"Wingtip Toys (Heartwell, NE)",401,3,2,2047,2048,15057,0,01/11/2016,(308) 555-0100,(308) 555-0101
225,425,"Wingtip Toys (Bethel Acres, OK)",401,3,2,2049,2050,2862,0,01/11/2016,(405) 555-0100,(405) 555-0101
226,426,"Wingtip Toys (Willow Valley, AZ)",401,3,2,2051,2052,37316,0,01/11/2016,(480) 555-0100,(480) 555-0101
227,427,"Wingtip Toys (Athol Springs, NY)",401,3,2,2053,2054,1417,0,01/11/2016,(212) 555-0100,(212) 555-0101
228,428,"Wingtip Toys (Paw Paw Lake, MI)",401,3,2,2055,2056,26376,0,01/11/2016,(231) 555-0100,(231) 555-0101
229,429,"Wingtip Toys (Lilbourn, MO)",401,3,2,2057,2058,19405,0,01/11/2016,(314) 555-0100,(314) 555-0101
230,430,"Wingtip Toys (Lost River, ID)",401,3,2,2059,2060,20043,0,01/11/2016,(208) 555-0100,(208) 555-0101
231,431,"Wingtip Toys (Rosa Sánchez, PR)",401,3,2,2061,2062,29490,0,01/11/2016,(787) 555-0100,(787) 555-0101
232,432,"Wingtip Toys (Vamo, FL)",401,3,2,2063,2064,35078,0,01/11/2016,(239) 555-0100,(239) 555-0101
233,433,"Wingtip Toys (Balko, OK)",401,3,2,2065,2066,1820,0,01/11/2016,(405) 555-0100,(405) 555-0101
234,434,"Wingtip Toys (Lime Lake, NY)",401,3,2,2067,2068,19434,0,01/11/2016,(212) 555-0100,(212) 555-0101
235,435,"Wingtip Toys (Teutopolis, IL)",401,3,2,2069,2070,33832,0,01/11/2016,(217) 555-0100,(217) 555-0101
236,436,"Wingtip Toys (Gargatha, VA)",401,3,2,2071,2072,12680,0,01/11/2016,(276) 555-0100,(276) 555-0101
237,437,"Wingtip Toys (Cadogan, PA)",401,3,2,2073,2074,4860,0,01/11/2016,(215) 555-0100,(215) 555-0101
238,438,"Wingtip Toys (Lucasville, OH)",401,3,2,2075,2076,20189,0,01/11/2016,(216) 555-0100,(216) 555-0101
239,439,"Wingtip Toys (Cylon, WI)",401,3,2,2077,2078,8306,0,01/11/2016,(262) 555-0100,(262) 555-0101
240,440,"Wingtip Toys (Asher, OK)",401,3,2,2079,2080,1299,0,01/11/2016,(405) 555-0100,(405) 555-0101
241,441,"Wingtip Toys (Keosauqua, IA)",401,3,2,2081,2082,17587,0,01/11/2016,(319) 555-0100,(319) 555-0101
242,442,"Wingtip Toys (Homer City, PA)",401,3,2,2083,2084,15835,0,01/11/2016,(215) 555-0100,(215) 555-0101
243,443,"Wingtip Toys (Berville, MI)",401,3,2,2085,2086,2815,0,01/11/2016,(231) 555-0100,(231) 555-0101
244,444,"Wingtip Toys (Tea, SD)",401,3,2,2087,2088,33701,0,01/11/2016,(605) 555-0100,(605) 555-0101
245,445,"Wingtip Toys (Dacono, CO)",401,3,2,2089,2090,8322,0,01/11/2016,(303) 555-0100,(303) 555-0101
246,446,"Wingtip Toys (Saint Landry, LA)",401,3,2,2091,2092,30119,0,01/11/2016,(225) 555-0100,(225) 555-0101
247,447,"Wingtip Toys (Coin, IA)",401,3,2,2093,2094,7069,0,01/11/2016,(319) 555-0100,(319) 555-0101
248,448,"Wingtip Toys (Salt Wells, NV)",401,3,2,2095,2096,30304,0,01/11/2016,(702) 555-0100,(702) 555-0101
249,449,"Wingtip Toys (Delray, WV)",401,3,2,2097,2098,8839,0,01/11/2016,(304) 555-0100,(304) 555-0101
250,450,"Wingtip Toys (Mount Summit, IN)",401,3,2,2099,2100,23284,0,01/11/2016,(219) 555-0100,(219) 555-0101
251,451,"Wingtip Toys (Smoot, WY)",401,3,2,2101,2102,31870,0,01/11/2016,(307) 555-0100,(307) 555-0101
252,452,"Wingtip Toys (Lake Davis, CA)",401,3,2,2103,2104,18340,0,01/11/2016,(209) 555-0100,(209) 555-0101
253,453,"Wingtip Toys (Stanardsville, VA)",401,3,2,2105,2106,32575,0,01/11/2016,(276) 555-0100,(276) 555-0101
254,454,"Wingtip Toys (Corcovado, PR)",401,3,2,2107,2108,7576,0,01/11/2016,(787) 555-0100,(787) 555-0101
255,455,"Wingtip Toys (Taft Heights, CA)",401,3,2,2109,2110,33520,0,01/11/2016,(209) 555-0100,(209) 555-0101
256,456,"Wingtip Toys (West Hempstead, NY)",401,3,2,2111,2112,36531,0,01/11/2016,(212) 555-0100,(212) 555-0101
257,457,"Wingtip Toys (Portales, NM)",401,3,2,2113,2114,27648,0,01/11/2016,(505) 555-0100,(505) 555-0101
258,458,"Wingtip Toys (Coker, AL)",401,3,2,2115,2116,7074,0,01/11/2016,(205) 555-0100,(205) 555-0101
259,459,"Wingtip Toys (Haydenville, OH)",401,3,2,2117,2118,14974,0,01/11/2016,(216) 555-0100,(216) 555-0101
260,460,"Wingtip Toys (Mayhill, NM)",401,3,2,2119,2120,21351,0,01/11/2016,(505) 555-0100,(505) 555-0101
261,461,"Wingtip Toys (Vair, TX)",401,3,2,2121,2122,34984,0,01/11/2016,(210) 555-0100,(210) 555-0101
262,462,"Wingtip Toys (Crossroads, NM)",401,3,2,2123,2124,8082,0,01/11/2016,(505) 555-0100,(505) 555-0101
263,463,"Wingtip Toys (Cowlington, OK)",401,3,2,2125,2126,7847,0,01/11/2016,(405) 555-0100,(405) 555-0101
264,464,"Wingtip Toys (Glen Ullin, ND)",401,3,2,2127,2128,13146,0,01/11/2016,(701) 555-0100,(701) 555-0101
265,465,"Wingtip Toys (Oologah, OK)",401,3,2,2129,2130,25479,0,01/11/2016,(405) 555-0100,(405) 555-0101
266,466,"Wingtip Toys (Lytle, TX)",401,3,2,2131,2132,20412,0,01/11/2016,(210) 555-0100,(210) 555-0101
267,467,"Wingtip Toys (Mahaffey, PA)",401,3,2,2133,2134,20575,0,01/11/2016,(215) 555-0100,(215) 555-0101
268,468,"Wingtip Toys (Sunburg, MN)",401,3,2,2135,2136,33237,0,01/11/2016,(218) 555-0100,(218) 555-0101
269,469,"Wingtip Toys (Johnetta, KY)",401,3,2,2137,2138,17093,0,01/11/2016,(270) 555-0100,(270) 555-0101
270,470,"Wingtip Toys (Universal City, TX)",401,3,2,2139,2140,34875,0,01/11/2016,(210) 555-0100,(210) 555-0101
271,471,"Wingtip Toys (Ridgemark, CA)",401,3,2,2141,2142,28907,0,01/11/2016,(209) 555-0100,(209) 555-0101
272,472,"Wingtip Toys (San Jacinto, CA)",401,3,2,2143,2144,30387,0,01/11/2016,(209) 555-0100,(209) 555-0101
273,473,"Wingtip Toys (Floriston, CA)",401,3,2,2145,2146,11747,0,01/11/2016,(209) 555-0100,(209) 555-0101
274,474,"Wingtip Toys (Bokeelia, FL)",401,3,2,2147,2148,3463,0,01/11/2016,(239) 555-0100,(239) 555-0101
275,475,"Wingtip Toys (Cale, AR)",401,3,2,2149,2150,4900,0,01/11/2016,(479) 555-0100,(479) 555-0101
276,476,"Wingtip Toys (Karthaus, PA)",401,3,2,2151,2152,17353,0,01/11/2016,(215) 555-0100,(215) 555-0101
277,477,"Wingtip Toys (Glancy, MS)",401,3,2,2153,2154,13068,0,01/11/2016,(228) 555-0100,(228) 555-0101
278,478,"Wingtip Toys (Stoneboro, PA)",401,3,2,2155,2156,32885,0,01/11/2016,(215) 555-0100,(215) 555-0101
279,479,"Wingtip Toys (Mier, IN)",401,3,2,2157,2158,22146,0,01/11/2016,(219) 555-0100,(219) 555-0101
280,480,"Wingtip Toys (Wapinitia, OR)",401,3,2,2159,2160,35830,0,01/11/2016,(458) 555-0100,(458) 555-0101
281,481,"Wingtip Toys (White Church, MO)",401,3,2,2161,2162,36946,0,01/11/2016,(314) 555-0100,(314) 555-0101
282,482,"Wingtip Toys (Caton, NY)",401,3,2,2163,2164,5664,0,01/11/2016,(212) 555-0100,(212) 555-0101
283,483,"Wingtip Toys (Plum Branch, SC)",401,3,2,2165,2166,27344,0,01/11/2016,(803) 555-0100,(803) 555-0101
284,484,"Wingtip Toys (Mauldin, SC)",401,3,2,2167,2168,21282,0,01/11/2016,(803) 555-0100,(803) 555-0101
285,485,"Wingtip Toys (Bonner Springs, KS)",401,3,2,2169,2170,3545,0,01/11/2016,(316) 555-0100,(316) 555-0101
286,486,"Wingtip Toys (Lowellville, OH)",401,3,2,2171,2172,20131,0,01/11/2016,(216) 555-0100,(216) 555-0101
287,487,"Wingtip Toys (Elverson, PA)",401,3,2,2173,2174,10581,0,01/11/2016,(215) 555-0100,(215) 555-0101
288,488,"Wingtip Toys (Isabela, PR)",401,3,2,2175,2176,16702,0,01/11/2016,(787) 555-0100,(787) 555-0101
289,489,"Wingtip Toys (Sayner, WI)",401,3,2,2177,2178,30751,0,01/11/2016,(262) 555-0100,(262) 555-0101
290,490,"Wingtip Toys (Beals, ME)",401,3,2,2179,2180,2230,0,01/11/2016,(207) 555-0100,(207) 555-0101
291,491,"Wingtip Toys (Morton Grove, IL)",401,3,2,2181,2182,23067,0,01/11/2016,(217) 555-0100,(217) 555-0101
292,492,"Wingtip Toys (Birds, IL)",401,3,2,2183,2184,3059,0,01/11/2016,(217) 555-0100,(217) 555-0101
293,493,"Wingtip Toys (Federalsburg, MD)",401,3,2,2185,2186,11427,0,01/11/2016,(240) 555-0100,(240) 555-0101
294,494,"Wingtip Toys (Pikeview, CO)",401,3,2,2187,2188,26906,0,01/11/2016,(303) 555-0100,(303) 555-0101
295,495,"Wingtip Toys (Boalsburg, PA)",401,3,2,2189,2190,3409,0,01/11/2016,(215) 555-0100,(215) 555-0101
296,496,"Wingtip Toys (Port Hueneme, CA)",401,3,2,2191,2192,27577,0,01/11/2016,(209) 555-0100,(209) 555-0101
297,497,"Wingtip Toys (Verdery, SC)",401,3,2,2193,2194,35223,0,01/11/2016,(803) 555-0100,(803) 555-0101
298,498,"Wingtip Toys (Obetz, OH)",401,3,2,2195,2196,25121,0,01/11/2016,(216) 555-0100,(216) 555-0101
299,499,"Wingtip Toys (East Fultonham, OH)",401,3,2,2197,2198,9791,0,01/11/2016,(216) 555-0100,(216) 555-0101
300,500,"Wingtip Toys (Obion, TN)",401,3,2,2199,2200,25122,0,01/11/2016,(423) 555-0100,(423) 555-0101
301,501,"Wingtip Toys (Cavendish, VT)",401,3,2,2201,2202,5687,0,01/11/2016,(802) 555-0100,(802) 555-0101
302,502,"Wingtip Toys (Miesville, MN)",401,3,2,2203,2204,22147,0,01/11/2016,(218) 555-0100,(218) 555-0101
303,503,"Wingtip Toys (Valhalla, NC)",401,3,2,2205,2206,35008,0,01/11/2016,(252) 555-0100,(252) 555-0101
304,504,"Wingtip Toys (Cape Neddick, ME)",401,3,2,2207,2208,5259,0,01/11/2016,(207) 555-0100,(207) 555-0101
305,505,"Wingtip Toys (Silver Plume, CO)",401,3,2,2209,2210,31629,0,01/11/2016,(303) 555-0100,(303) 555-0101
306,506,"Wingtip Toys (North Beach Haven, NJ)",401,3,2,2211,2212,24530,0,01/11/2016,(201) 555-0100,(201) 555-0101
307,507,"Wingtip Toys (Downingtown, PA)",401,3,2,2213,2214,9360,0,01/11/2016,(215) 555-0100,(215) 555-0101
308,508,"Wingtip Toys (Branson West, MO)",401,3,2,2215,2216,3876,0,01/11/2016,(314) 555-0100,(314) 555-0101
309,509,"Wingtip Toys (Bergen Park, CO)",401,3,2,2217,2218,2739,0,01/11/2016,(303) 555-0100,(303) 555-0101
310,510,"Wingtip Toys (Grabill, IN)",401,3,2,2219,2220,13507,0,01/11/2016,(219) 555-0100,(219) 555-0101
311,511,"Wingtip Toys (North Manitou, MI)",401,3,2,2221,2222,24658,0,01/11/2016,(231) 555-0100,(231) 555-0101
312,512,"Wingtip Toys (Philip, SD)",401,3,2,2223,2224,26788,0,01/11/2016,(605) 555-0100,(605) 555-0101
313,513,"Wingtip Toys (Straughn, IN)",401,3,2,2225,2226,32993,0,01/11/2016,(219) 555-0100,(219) 555-0101
314,514,"Wingtip Toys (Gilford, NH)",401,3,2,2227,2228,12992,0,01/11/2016,(603) 555-0100,(603) 555-0101
315,515,"Wingtip Toys (Del Valle, TX)",401,3,2,2229,2230,8772,0,01/11/2016,(210) 555-0100,(210) 555-0101
316,516,"Wingtip Toys (Harkers Island, NC)",401,3,2,2231,2232,14628,0,01/11/2016,(252) 555-0100,(252) 555-0101
317,517,"Wingtip Toys (Licking, MO)",401,3,2,2233,2234,19386,0,01/11/2016,(314) 555-0100,(314) 555-0101
318,518,"Wingtip Toys (Raton, NM)",401,3,2,2235,2236,28361,0,01/11/2016,(505) 555-0100,(505) 555-0101
319,519,"Wingtip Toys (Boynton, OK)",401,3,2,2237,2238,3755,0,01/11/2016,(405) 555-0100,(405) 555-0101
320,520,"Wingtip Toys (Frenchburg, KY)",401,3,2,2239,2240,12341,0,01/11/2016,(270) 555-0100,(270) 555-0101
321,521,"Wingtip Toys (Robertsdale, AL)",401,3,2,2241,2242,29166,0,01/11/2016,(205) 555-0100,(205) 555-0101
322,522,"Wingtip Toys (Dickerson, MD)",401,3,2,2243,2244,9064,0,01/11/2016,(240) 555-0100,(240) 555-0101
323,523,"Wingtip Toys (Bruceton Mills, WV)",401,3,2,2245,2246,4352,0,01/11/2016,(304) 555-0100,(304) 555-0101
324,524,"Wingtip Toys (Cloquet, MN)",401,3,2,2247,2248,6904,0,01/11/2016,(218) 555-0100,(218) 555-0101
325,525,"Wingtip Toys (Claycomo, MO)",401,3,2,2249,2250,6687,0,01/11/2016,(314) 555-0100,(314) 555-0101
326,526,"Wingtip Toys (Beekmantown, NY)",401,3,2,2251,2252,2379,0,01/11/2016,(212) 555-0100,(212) 555-0101
327,527,"Wingtip Toys (Islip Terrace, NY)",401,3,2,2253,2254,16741,0,01/11/2016,(212) 555-0100,(212) 555-0101
328,528,"Wingtip Toys (Rich Creek, VA)",401,3,2,2255,2256,28780,0,01/11/2016,(276) 555-0100,(276) 555-0101
329,529,"Wingtip Toys (Griswoldville, GA)",401,3,2,2257,2258,14072,0,01/11/2016,(229) 555-0100,(229) 555-0101
330,530,"Wingtip Toys (East Mountain, TX)",401,3,2,2259,2260,9857,0,01/11/2016,(210) 555-0100,(210) 555-0101
331,531,"Wingtip Toys (Omer, MI)",401,3,2,2261,2262,25424,0,01/11/2016,(231) 555-0100,(231) 555-0101
332,532,"Wingtip Toys (Waycross, GA)",401,3,2,2263,2264,36179,0,01/11/2016,(229) 555-0100,(229) 555-0101
333,533,"Wingtip Toys (Nichols Hills, OK)",401,3,2,2265,2266,24349,0,01/11/2016,(405) 555-0100,(405) 555-0101
334,534,"Wingtip Toys (Plaquemine, LA)",401,3,2,2267,2268,27232,0,01/11/2016,(225) 555-0100,(225) 555-0101
335,535,"Wingtip Toys (Triadelphia, WV)",401,3,2,2269,2270,34411,0,01/11/2016,(304) 555-0100,(304) 555-0101
336,536,"Wingtip Toys (Ferney, SD)",401,3,2,2271,2272,11491,0,01/11/2016,(605) 555-0100,(605) 555-0101
337,537,"Wingtip Toys (Akhiok, AK)",401,3,2,2273,2274,242,0,01/11/2016,(907) 555-0100,(907) 555-0101
338,538,"Wingtip Toys (Deeson, MS)",401,3,2,2275,2276,8751,0,01/11/2016,(228) 555-0100,(228) 555-0101
339,539,"Wingtip Toys (Nuangola, PA)",401,3,2,2277,2278,24898,0,01/11/2016,(215) 555-0100,(215) 555-0101
340,540,"Wingtip Toys (Weld, ME)",401,3,2,2279,2280,36322,0,01/11/2016,(207) 555-0100,(207) 555-0101
341,541,"Wingtip Toys (Mickleton, NJ)",401,3,2,2281,2282,22020,0,01/11/2016,(201) 555-0100,(201) 555-0101
342,542,"Wingtip Toys (Schererville, IN)",401,3,2,2283,2284,30790,0,01/11/2016,(219) 555-0100,(219) 555-0101
343,543,"Wingtip Toys (Lexington Heights, MI)",401,3,2,2285,2286,19338,0,01/11/2016,(231) 555-0100,(231) 555-0101
344,544,"Wingtip Toys (Broomtown, AL)",401,3,2,2287,2288,4278,0,01/11/2016,(205) 555-0100,(205) 555-0101
345,545,"Wingtip Toys (Jamison, IA)",401,3,2,2289,2290,16891,0,01/11/2016,(319) 555-0100,(319) 555-0101
346,546,"Wingtip Toys (Key Biscayne, FL)",401,3,2,2291,2292,17632,0,01/11/2016,(239) 555-0100,(239) 555-0101
347,547,"Wingtip Toys (Chaseley, ND)",401,3,2,2293,2294,6115,0,01/11/2016,(701) 555-0100,(701) 555-0101
348,548,"Wingtip Toys (Indian Creek, IL)",401,3,2,2295,2296,16469,0,01/11/2016,(217) 555-0100,(217) 555-0101
349,549,"Wingtip Toys (Lake Ronkonkoma, NY)",401,3,2,2297,2298,18446,0,01/11/2016,(212) 555-0100,(212) 555-0101
350,550,"Wingtip Toys (Morrison Bluff, AR)",401,3,2,2299,2300,23026,0,01/11/2016,(479) 555-0100,(479) 555-0101
351,551,"Wingtip Toys (Huntingburg, IN)",401,3,2,2301,2302,16239,0,01/11/2016,(219) 555-0100,(219) 555-0101
352,552,"Wingtip Toys (Shay, PA)",401,3,2,2303,2304,31266,0,01/11/2016,(215) 555-0100,(215) 555-0101
353,553,"Wingtip Toys (Helotes, TX)",401,3,2,2305,2306,15143,0,01/11/2016,(210) 555-0100,(210) 555-0101
354,554,"Wingtip Toys (Hollandsburg, IN)",401,3,2,2307,2308,15726,0,01/11/2016,(219) 555-0100,(219) 555-0101
355,555,"Wingtip Toys (Liberty Grove, MD)",401,3,2,2309,2310,19368,0,01/11/2016,(240) 555-0100,(240) 555-0101
356,556,"Wingtip Toys (Morita, TX)",401,3,2,2311,2312,22984,0,01/11/2016,(210) 555-0100,(210) 555-0101
357,557,"Wingtip Toys (New Laguna, NM)",401,3,2,2313,2314,24007,0,01/11/2016,(505) 555-0100,(505) 555-0101
358,558,"Wingtip Toys (Bourneville, OH)",401,3,2,2315,2316,3663,0,01/11/2016,(216) 555-0100,(216) 555-0101
359,559,"Wingtip Toys (Mendoza, TX)",401,3,2,2317,2318,21821,0,01/11/2016,(210) 555-0100,(210) 555-0101
360,560,"Wingtip Toys (Palmas del Mar, PR)",401,3,2,2319,2320,26010,0,01/11/2016,(787) 555-0100,(787) 555-0101
361,561,"Wingtip Toys (Marion Junction, AL)",401,3,2,2321,2322,21002,0,01/11/2016,(205) 555-0100,(205) 555-0101
362,562,"Wingtip Toys (Ware Shoals, SC)",401,3,2,2323,2324,35861,0,01/11/2016,(803) 555-0100,(803) 555-0101
363,563,"Wingtip Toys (Lostine, OR)",401,3,2,2325,2326,20047,0,01/11/2016,(458) 555-0100,(458) 555-0101
364,564,"Wingtip Toys (Tilleda, WI)",401,3,2,2327,2328,34060,0,01/11/2016,(262) 555-0100,(262) 555-0101
365,565,"Wingtip Toys (Wapiti, WY)",401,3,2,2329,2330,35831,0,01/11/2016,(307) 555-0100,(307) 555-0101
366,566,"Wingtip Toys (Amado, AZ)",401,3,2,2331,2332,689,0,01/11/2016,(480) 555-0100,(480) 555-0101
367,567,"Wingtip Toys (Jeromesville, OH)",401,3,2,2333,2334,17039,0,01/11/2016,(216) 555-0100,(216) 555-0101
368,568,"Wingtip Toys (Ovilla, TX)",401,3,2,2335,2336,25818,0,01/11/2016,(210) 555-0100,(210) 555-0101
369,569,"Wingtip Toys (West Frostproof, FL)",401,3,2,2337,2338,36513,0,01/11/2016,(239) 555-0100,(239) 555-0101
370,570,"Wingtip Toys (Flomaton, AL)",401,3,2,2339,2340,11686,0,01/11/2016,(205) 555-0100,(205) 555-0101
371,571,"Wingtip Toys (Pawlet, VT)",401,3,2,2341,2342,26379,0,01/11/2016,(802) 555-0100,(802) 555-0101
372,572,"Wingtip Toys (Trout Run, PA)",401,3,2,2343,2344,34466,0,01/11/2016,(215) 555-0100,(215) 555-0101
373,573,"Wingtip Toys (Marin City, CA)",401,3,2,2345,2346,20961,0,01/11/2016,(209) 555-0100,(209) 555-0101
374,574,"Wingtip Toys (Molalla, OR)",401,3,2,2347,2348,22604,0,01/11/2016,(458) 555-0100,(458) 555-0101
375,575,"Wingtip Toys (Trumansburg, NY)",401,3,2,2349,2350,34512,0,01/11/2016,(212) 555-0100,(212) 555-0101
376,576,"Wingtip Toys (Goodings Grove, IL)",401,3,2,2351,2352,13388,0,01/11/2016,(217) 555-0100,(217) 555-0101
377,577,"Wingtip Toys (Cherryplain, NY)",401,3,2,2353,2354,6238,0,01/11/2016,(212) 555-0100,(212) 555-0101
378,578,"Wingtip Toys (Bell Acres, PA)",401,3,2,2355,2356,2436,0,01/11/2016,(215) 555-0100,(215) 555-0101
379,579,"Wingtip Toys (Connoquenessing, PA)",401,3,2,2357,2358,7432,0,01/11/2016,(215) 555-0100,(215) 555-0101
380,580,"Wingtip Toys (Sarversville, PA)",401,3,2,2359,2360,30663,0,01/11/2016,(215) 555-0100,(215) 555-0101
381,581,"Wingtip Toys (Munich, ND)",401,3,2,2361,2362,23441,0,01/11/2016,(701) 555-0100,(701) 555-0101
382,582,"Wingtip Toys (Montoya, NM)",401,3,2,2363,2364,22814,0,01/11/2016,(505) 555-0100,(505) 555-0101
383,583,"Wingtip Toys (Knights Landing, CA)",401,3,2,2365,2366,17935,0,01/11/2016,(209) 555-0100,(209) 555-0101
384,584,"Wingtip Toys (Cache, OK)",401,3,2,2367,2368,4840,0,01/11/2016,(405) 555-0100,(405) 555-0101
385,585,"Wingtip Toys (Towaco, NJ)",401,3,2,2369,2370,34285,0,01/11/2016,(201) 555-0100,(201) 555-0101
386,586,"Wingtip Toys (Lynne, FL)",401,3,2,2371,2372,20376,0,01/11/2016,(239) 555-0100,(239) 555-0101
387,587,"Wingtip Toys (Plata, TX)",401,3,2,2373,2374,27236,0,01/11/2016,(210) 555-0100,(210) 555-0101
388,588,"Wingtip Toys (Oak Point, TX)",401,3,2,2375,2376,24988,0,01/11/2016,(210) 555-0100,(210) 555-0101
389,589,"Wingtip Toys (Alcester, SD)",401,3,2,2377,2378,357,0,01/11/2016,(605) 555-0100,(605) 555-0101
390,590,"Wingtip Toys (McAdenville, NC)",401,3,2,2379,2380,21405,0,01/11/2016,(252) 555-0100,(252) 555-0101
391,591,"Wingtip Toys (Idaho City, ID)",401,3,2,2381,2382,16382,0,01/11/2016,(208) 555-0100,(208) 555-0101
392,592,"Wingtip Toys (Dunkerton, IA)",401,3,2,2383,2384,9549,0,01/11/2016,(319) 555-0100,(319) 555-0101
393,593,"Wingtip Toys (Cuyamungue, NM)",401,3,2,2385,2386,8296,0,01/11/2016,(505) 555-0100,(505) 555-0101
394,594,"Wingtip Toys (Marfa, TX)",401,3,2,2387,2388,20924,0,01/11/2016,(210) 555-0100,(210) 555-0101
395,595,"Wingtip Toys (Accomac, VA)",401,3,2,2389,2390,54,0,01/11/2016,(276) 555-0100,(276) 555-0101
396,596,"Wingtip Toys (Cos Cob, CT)",401,3,2,2391,2392,7695,0,01/11/2016,(203) 555-0100,(203) 555-0101
397,597,"Wingtip Toys (Haycock, AK)",401,3,2,2393,2394,14965,0,01/11/2016,(907) 555-0100,(907) 555-0101
398,598,"Wingtip Toys (Kapa'a, HI)",401,3,2,2395,2396,17340,0,01/11/2016,(808) 555-0100,(808) 555-0101
399,599,"Wingtip Toys (Dickworsham, TX)",401,3,2,2397,2398,9077,0,01/11/2016,(210) 555-0100,(210) 555-0101
400,600,"Wingtip Toys (Caro, MI)",401,3,2,2399,2400,5407,0,01/11/2016,(231) 555-0100,(231) 555-0101
401,601,"Wingtip Toys (Ruthsburg, MD)",401,3,2,2401,2402,29887,0,01/11/2016,(240) 555-0100,(240) 555-0101
402,801,Eric Torres,801,7,,3001,,31321,1080000,01/11/2016,(307) 555-0100,(307) 555-0101
403,802,Cosmina Vlad,802,7,,3002,,5192,1058400,01/11/2016,(505) 555-0100,(505) 555-0101
404,803,Bala Dixit,803,3,,3003,,33799,720000,01/11/2016,(209) 555-0100,(209) 555-0101
405,804,Aleksandrs Riekstins,804,5,,3004,,18069,792000,01/11/2016,(605) 555-0100,(605) 555-0101
406,805,Ratan Poddar,805,3,,3005,,10194,1188000,01/11/2016,(907) 555-0100,(907) 555-0101
407,806,Shi Tu,806,3,,3006,,31685,1080000,01/11/2016,(307) 555-0100,(307) 555-0101
408,807,Gunnar Lohmus,807,6,,3007,,35810,1116000,01/11/2016,(201) 555-0100,(201) 555-0101
409,808,Jackson Kolios,808,5,,3008,,28221,648000,01/11/2016,(209) 555-0100,(209) 555-0101
410,809,Madhu Dwivedi,809,5,,3009,,26105,612000,01/11/2016,(802) 555-0100,(802) 555-0101
411,810,Alena Kellnerova,810,7,,3010,,31006,432000,01/11/2016,(303) 555-0100,(303) 555-0101
412,811,Surendra Sahu,811,3,,3011,,25332,756000,01/11/2016,(210) 555-0100,(210) 555-0101
413,812,Celica Barajas,812,4,,3012,,9386,792000,01/11/2016,(270) 555-0100,(270) 555-0101
414,813,Shyam Poddar,813,7,,3013,,33793,936000,01/11/2016,(218) 555-0100,(218) 555-0101
415,814,Johanna Hoornstra,814,3,,3014,,26752,831600,01/11/2016,(210) 555-0100,(210) 555-0101
416,815,Libuse Valentova,815,3,,3015,,10388,1044000,01/11/2016,(270) 555-0100,(270) 555-0101
417,816,Harsha Huq,816,6,,3016,,8892,864000,01/11/2016,(314) 555-0100,(314) 555-0101
418,817,Agrita Kanepa,817,4,,3017,,3840,756000,01/11/2016,(201) 555-0100,(201) 555-0101
419,818,Liia Orav,818,3,,3018,,3176,415800,01/11/2016,(252) 555-0100,(252) 555-0101
420,819,Santiago Vera,819,5,,3019,,24401,648000,01/11/2016,(304) 555-0100,(304) 555-0101
421,820,Knut Svensson,820,5,,3020,,20518,1260000,01/11/2016,(201) 555-0100,(201) 555-0101
422,821,Kwanjai Saowaluk,821,4,,3021,,5633,864000,01/11/2016,(787) 555-0100,(787) 555-0101
423,822,Suparna Bhattacharya,822,4,,3022,,34031,540000,01/11/2016,(314) 555-0100,(314) 555-0101
424,823,Francisca Laureano,823,6,,3023,,17142,1260000,01/11/2016,(319) 555-0100,(319) 555-0101
425,824,Risto Valbe,824,4,,3024,,2203,1152000,01/11/2016,(205) 555-0100,(205) 555-0101
426,825,Jayanta Thakur,825,6,,3025,,28367,1080000,01/11/2016,(276) 555-0100,(276) 555-0101
427,826,Leila Carvalho,826,3,,3026,,32358,1152000,01/11/2016,(217) 555-0100,(217) 555-0101
428,827,Crina Grasu,827,5,,3027,,33591,900000,01/11/2016,(308) 555-0100,(308) 555-0101
429,828,Sercan Celik,828,6,,3028,,34193,642600,01/11/2016,(217) 555-0100,(217) 555-0101
430,829,Jack Walker,829,4,,3029,,10263,1260000,01/11/2016,(316) 555-0100,(316) 555-0101
431,830,Jana Fialova,830,3,,3030,,36297,720000,01/11/2016,(215) 555-0100,(215) 555-0101
432,831,Bhaavan Rai,831,7,,3031,,5966,1398600,01/11/2016,(308) 555-0100,(308) 555-0101
433,832,Aakriti Byrraju,832,4,,3032,,13242,1260000,01/11/2016,(216) 555-0100,(216) 555-0101
434,833,Devraj Rao,833,3,,3033,,36841,1188000,01/11/2016,(385) 555-0100,(385) 555-0101
435,834,Cong Hoa,834,6,,3034,,25971,540000,01/11/2016,(212) 555-0100,(212) 555-0101
436,835,Dominic Davignon,835,4,,3035,,34685,1134000,01/11/2016,(209) 555-0100,(209) 555-0101
437,836,Abel Spirlea,836,3,,3036,,21022,576000,01/11/2016,(218) 555-0100,(218) 555-0101
438,837,Anil Sarkar,837,4,,3037,,12666,504000,01/11/2016,(215) 555-0100,(215) 555-0101
439,838,Pavel Bogdanov,838,7,,3038,,23870,680400,01/11/2016,(339) 555-0100,(339) 555-0101
440,839,Juan Morse,839,3,,3039,,13868,1512000,01/11/2016,(423) 555-0100,(423) 555-0101
441,840,Rodrigo Figueiredo,840,3,,3040,,3165,720000,01/11/2016,(803) 555-0100,(803) 555-0101
442,841,Camille Authier,841,6,,3041,,15,756000,01/11/2016,(252) 555-0100,(252) 555-0101
443,842,Biju Deb,842,6,,3042,,8730,936000,01/11/2016,(218) 555-0100,(218) 555-0101
444,843,Marija Justina Pasek,843,7,,3043,,20931,396000,01/11/2016,(215) 555-0100,(215) 555-0101
445,844,Durdanah Abbasi,844,4,,3044,,18865,680400,01/11/2016,(201) 555-0100,(201) 555-0101
446,845,Emilie Hrdlickova,845,7,,3045,,24164,504000,01/11/2016,(803) 555-0100,(803) 555-0101
447,846,Malorie Bousquet,846,6,,3046,,35061,792000,01/11/2016,(209) 555-0100,(209) 555-0101
448,847,Kristiina Ivanov,847,5,,3047,,37884,680400,01/11/2016,(605) 555-0100,(605) 555-0101
449,848,Alvin Bollinger,848,5,,3048,,7938,1044000,01/11/2016,(270) 555-0100,(270) 555-0101
450,849,Sabine Zalite,849,4,,3049,,14377,540000,01/11/2016,(210) 555-0100,(210) 555-0101
451,850,Daakshaayaani Sankaramanchi,850,6,,3050,,32359,684000,01/11/2016,(319) 555-0100,(319) 555-0101
452,851,Ebru Erdogan,851,6,,3051,,31009,680400,01/11/2016,(405) 555-0100,(405) 555-0101
453,852,Bhagavaan Atluri,852,4,,3052,,7525,792000,01/11/2016,(229) 555-0100,(229) 555-0101
454,853,Caterina Pinto,853,6,,3053,,242,1080000,01/11/2016,(907) 555-0100,(907) 555-0101
455,854,Daakshaayaani Kommineni,854,3,,3054,,1775,1332000,01/11/2016,(239) 555-0100,(239) 555-0101
456,855,Anna Mazzanti,855,5,,3055,,16185,604800,01/11/2016,(314) 555-0100,(314) 555-0101
457,856,Satish Mittal,856,7,,3056,,9433,864000,01/11/2016,(215) 555-0100,(215) 555-0101
458,857,Clarissa Manfrin,857,6,,3057,,2614,720000,01/11/2016,(210) 555-0100,(210) 555-0101
459,858,Bimla PrabhupÄda,858,3,,3058,,38038,1368000,01/11/2016,(209) 555-0100,(209) 555-0101
460,859,Shah Alizadeh,859,6,,3059,,12751,1080000,01/11/2016,(304) 555-0100,(304) 555-0101
461,860,Marcela Lucescu,860,7,,3060,,11010,1044000,01/11/2016,(231) 555-0100,(231) 555-0101
462,861,Amarasimha Vinjamuri,861,4,,3061,,24553,900000,01/11/2016,(339) 555-0100,(339) 555-0101
463,862,Lana Goransson,862,4,,3062,,6124,504000,01/11/2016,(212) 555-0100,(212) 555-0101
464,863,Jakub Lukes,863,7,,3063,,9701,756000,01/11/2016,(212) 555-0100,(212) 555-0101
465,864,Mikhail Degtyarev,864,5,,3064,,2291,468000,01/11/2016,(218) 555-0100,(218) 555-0101
466,865,Bijoya Thakur,865,6,,3065,,17730,1044000,01/11/2016,(225) 555-0100,(225) 555-0101
467,866,Jay Bhuiyan,866,6,,3066,,23264,680400,01/11/2016,(215) 555-0100,(215) 555-0101
468,867,Jasna Cerkez,867,5,,3067,,10367,1332000,01/11/2016,(304) 555-0100,(304) 555-0101
469,868,Laura Sykorova,868,3,,3068,,7861,720000,01/11/2016,(316) 555-0100,(316) 555-0101
470,869,Abel Tatarescu,869,3,,3069,,18110,1323000,01/11/2016,(217) 555-0100,(217) 555-0101
471,870,In-Su Bae,870,6,,3070,,21638,1296000,01/11/2016,(206) 555-0100,(206) 555-0101
472,871,Darshana Madhunapantula,871,5,,3071,,34181,648000,01/11/2016,(240) 555-0100,(240) 555-0101
473,872,Katerina Hadrabova,872,7,,3072,,18141,718200,01/11/2016,(219) 555-0100,(219) 555-0101
474,873,Hana Hlouskova,873,4,,3073,,22915,972000,01/11/2016,(505) 555-0100,(505) 555-0101
475,874,Daniel Martensson,874,3,,3074,,20668,1151010,01/11/2016,(225) 555-0100,(225) 555-0101
476,875,Philip Walker,875,3,,3075,,35605,1188000,01/11/2016,(216) 555-0100,(216) 555-0101
477,876,Marie LeBatelier,876,3,,3076,,7781,540000,01/11/2016,(210) 555-0100,(210) 555-0101
478,877,Leyla Siavashi,877,6,,3077,,20902,1188000,01/11/2016,(201) 555-0100,(201) 555-0101
479,878,Miriam House,878,7,,3078,,20610,1332000,01/11/2016,(701) 555-0100,(701) 555-0101
480,879,Jitka Necesana,879,5,,3079,,7403,1152000,01/11/2016,(212) 555-0100,(212) 555-0101
481,880,Edmee Glissen,880,5,,3080,,21432,936000,01/11/2016,(208) 555-0100,(208) 555-0101
482,881,Magdalena Michnova,881,5,,3081,,37885,1116000,01/11/2016,(907) 555-0100,(907) 555-0101
483,882,Maryann Huddleston,882,6,,3082,,29165,972000,01/11/2016,(304) 555-0100,(304) 555-0101
484,883,Radha Barua,883,6,,3083,,21604,1260000,01/11/2016,(405) 555-0100,(405) 555-0101
485,884,Anindya Ghatak,884,5,,3084,,33446,1368000,01/11/2016,(219) 555-0100,(219) 555-0101
486,885,Chandrashekhar Dasgupta,885,7,,3085,,24076,900000,01/11/2016,(208) 555-0100,(208) 555-0101
487,886,Debbie Molina,886,4,,3086,,12693,864000,01/11/2016,(270) 555-0100,(270) 555-0101
488,887,Baran Jonsson,887,4,,3087,,5682,1436400,01/11/2016,(458) 555-0100,(458) 555-0101
489,888,Jai Lamble,888,7,,3088,,14043,1332000,01/11/2016,(479) 555-0100,(479) 555-0101
490,889,Sointu Savonheimo,889,6,,3089,,1121,468000,01/11/2016,(701) 555-0100,(701) 555-0101
491,890,Olya Izmaylov,890,5,,3090,,11753,1666980,01/11/2016,(210) 555-0100,(210) 555-0101
492,891,Taneli Riutta,891,4,,3091,,30517,972000,01/11/2016,(276) 555-0100,(276) 555-0101
493,892,Bahaar Asef zade,892,4,,3092,,372,680400,01/11/2016,(225) 555-0100,(225) 555-0101
494,893,Leyla Asef zade,893,3,,3093,,36499,720000,01/11/2016,(216) 555-0100,(216) 555-0101
495,894,Gabriela Hernandes,894,7,,3094,,8317,828000,01/11/2016,(239) 555-0100,(239) 555-0101
496,895,Geza Roman,895,7,,3095,,25795,831600,01/11/2016,(215) 555-0100,(215) 555-0101
497,896,Leonardo Folliero,896,4,,3096,,7749,1188000,01/11/2016,(339) 555-0100,(339) 555-0101
498,897,Allan Mannik,897,7,,3097,,18337,1260000,01/11/2016,(218) 555-0100,(218) 555-0101
499,898,Gopalgobinda Sikdar,898,5,,3098,,25639,1474200,01/11/2016,(307) 555-0100,(307) 555-0101
500,899,Chin-Sun Chang,899,7,,3099,,5247,1404000,01/11/2016,(605) 555-0100,(605) 555-0101
501,900,Lilli Sokk,900,6,,3100,,14033,828000,01/11/2016,(229) 555-0100,(229) 555-0101
502,901,Adrian Andreasson,901,7,,3101,,9445,1080000,01/11/2016,(217) 555-0100,(217) 555-0101
503,902,Kamila Michnova,902,4,,3102,,33867,612000,01/11/2016,(210) 555-0100,(210) 555-0101
504,903,Bing Han,903,5,,3103,,8493,576000,01/11/2016,(228) 555-0100,(228) 555-0101
505,904,Olafs Rozitis,904,7,,3104,,31401,1440000,01/11/2016,(316) 555-0100,(316) 555-0101
506,905,Sara Huiting,905,4,,3105,,3425,864000,01/11/2016,(218) 555-0100,(218) 555-0101
507,906,Ajitaab Pakalapati,906,5,,3106,,5506,1188000,01/11/2016,(209) 555-0100,(209) 555-0101
508,907,Eugen Agafitei,907,4,,3107,,31249,1260000,01/11/2016,(252) 555-0100,(252) 555-0101
509,908,Sumati Bhat,908,3,,3108,,14591,1260000,01/11/2016,(206) 555-0100,(206) 555-0101
510,909,Dena Glissen,909,4,,3109,,7050,1152000,01/11/2016,(316) 555-0100,(316) 555-0101
511,910,Elina Kaleja,910,6,,3110,,13333,432000,01/11/2016,(225) 555-0100,(225) 555-0101
512,911,Liidia Lepp,911,6,,3111,,25078,1209600,01/11/2016,(276) 555-0100,(276) 555-0101
513,912,Volkan senturk,912,5,,3112,,37938,936000,01/11/2016,(276) 555-0100,(276) 555-0101
514,913,Violetta KlanCisar,913,4,,3113,,2175,1096200,01/11/2016,(225) 555-0100,(225) 555-0101
515,914,Chandana Shasthri,914,4,,3114,,23796,1323000,01/11/2016,(803) 555-0100,(803) 555-0101
516,915,Ana Florea,915,7,,3115,,4430,714420,01/11/2016,(210) 555-0100,(210) 555-0101
517,916,Pinja Jantunen,916,6,,3116,,23734,504000,01/11/2016,(308) 555-0100,(308) 555-0101
518,917,Pari Hosseini,917,3,,3117,,31936,468000,01/11/2016,(505) 555-0100,(505) 555-0101
519,918,Isidora Morales,918,3,,3118,,34699,576000,01/11/2016,(406) 555-0100,(406) 555-0101
520,919,Kertu Sokk,919,5,,3119,,14019,1080000,01/11/2016,(212) 555-0100,(212) 555-0101
521,920,Gayatri Gajula,920,5,,3120,,31348,1440000,01/11/2016,(212) 555-0100,(212) 555-0101
522,921,Victoria Lacusta,921,4,,3121,,7408,1398600,01/11/2016,(212) 555-0100,(212) 555-0101
523,922,Sumati Chatterjee,922,6,,3122,,24668,907200,01/11/2016,(231) 555-0100,(231) 555-0101
524,923,Tai Bach,923,3,,3123,,12040,1332000,01/11/2016,(219) 555-0100,(219) 555-0101
525,924,Eva Schulteisz,924,3,,3124,,15461,972000,01/11/2016,(252) 555-0100,(252) 555-0101
526,925,Can ozcan,925,7,,3125,,25354,1404000,01/11/2016,(215) 555-0100,(215) 555-0101
527,926,Richard Friar,926,7,,3126,,24589,792000,01/11/2016,(339) 555-0100,(339) 555-0101
528,927,Matyas Sedlar,927,3,,3127,,4977,529200,01/11/2016,(270) 555-0100,(270) 555-0101
529,928,Arijit Bhuiyan,928,5,,3128,,10831,792000,01/11/2016,(212) 555-0100,(212) 555-0101
530,929,Vladimir Henzl,929,4,,3129,,27559,576000,01/11/2016,(907) 555-0100,(907) 555-0101
531,930,Shantanu Huq,930,6,,3130,,7890,1224000,01/11/2016,(252) 555-0100,(252) 555-0101
532,931,Nada Jovanovic,931,7,,3131,,24764,828000,01/11/2016,(215) 555-0100,(215) 555-0101
533,932,Nicolo Cattaneo,932,7,,3132,,30803,648000,01/11/2016,(212) 555-0100,(212) 555-0101
534,933,Joel Carrillo,933,5,,3133,,9427,1332000,01/11/2016,(405) 555-0100,(405) 555-0101
535,934,Ivan Sepulveda,934,3,,3134,,24805,793800,01/11/2016,(218) 555-0100,(218) 555-0101
536,935,Daevasree Samavedam,935,7,,3135,,13360,612000,01/11/2016,(201) 555-0100,(201) 555-0101
537,936,Ludmila Smidova,936,3,,3136,,33747,1404000,01/11/2016,(480) 555-0100,(480) 555-0101
538,937,Manca Hrastovsek,937,6,,3137,,32267,415800,01/11/2016,(205) 555-0100,(205) 555-0101
539,938,Anna Gyarmathi,938,3,,3138,,17329,1188000,01/11/2016,(252) 555-0100,(252) 555-0101
540,939,Ioana Florea,939,4,,3139,,23550,720000,01/11/2016,(339) 555-0100,(339) 555-0101
541,940,Lorin Astrom,940,6,,3140,,27543,432000,01/11/2016,(210) 555-0100,(210) 555-0101
542,941,Bishwa Chatterjee,941,3,,3141,,18332,612000,01/11/2016,(239) 555-0100,(239) 555-0101
543,942,Chaayaadaevi Sonti,942,7,,3142,,29123,612000,01/11/2016,(217) 555-0100,(217) 555-0101
544,943,Drazenka Jelic,943,3,,3143,,6221,936000,01/11/2016,(803) 555-0100,(803) 555-0101
545,944,Ida Celma,944,3,,3144,,14931,1436400,01/11/2016,(319) 555-0100,(319) 555-0101
546,945,Hoc Tran,945,5,,3145,,36973,529200,01/11/2016,(339) 555-0100,(339) 555-0101
547,946,David safranek,946,4,,3146,,34280,1436400,01/11/2016,(215) 555-0100,(215) 555-0101
548,947,Svetlana Todorovic,947,4,,3147,,35193,1008000,01/11/2016,(206) 555-0100,(206) 555-0101
549,948,Richard Zahradnicek,948,4,,3148,,16893,1188000,01/11/2016,(314) 555-0100,(314) 555-0101
550,949,Seo-yun Paik,949,7,,3149,,17151,1260000,01/11/2016,(210) 555-0100,(210) 555-0101
551,950,Emily Whittle,950,7,,3150,,16257,1044000,01/11/2016,(231) 555-0100,(231) 555-0101
552,951,Eliza Persson,951,4,,3151,,17053,1188000,01/11/2016,(209) 555-0100,(209) 555-0101
553,952,Chuan Wattanasin,952,3,,3152,,11626,1152000,01/11/2016,(217) 555-0100,(217) 555-0101
554,953,Linh Dao,953,4,,3153,,21191,1152000,01/11/2016,(228) 555-0100,(228) 555-0101
555,954,Nasrin Omidzadeh,954,4,,3154,,21161,1368000,01/11/2016,(239) 555-0100,(239) 555-0101
556,955,Raghu Sandhu,955,3,,3155,,3700,612000,01/11/2016,(240) 555-0100,(240) 555-0101
557,956,Nhung Thach,956,5,,3156,,28502,648000,01/11/2016,(480) 555-0100,(480) 555-0101
558,957,Hee-Young Suh,957,3,,3157,,24340,792000,01/11/2016,(209) 555-0100,(209) 555-0101
559,958,Valentin Tirlea,958,6,,3158,,26769,1188000,01/11/2016,(210) 555-0100,(210) 555-0101
560,959,Dhaatri Chavva,959,3,,3159,,10059,684000,01/11/2016,(207) 555-0100,(207) 555-0101
561,960,Edgar Jogi,960,5,,3160,,3501,540000,01/11/2016,(209) 555-0100,(209) 555-0101
562,961,Rani Ganguly,961,6,,3161,,1246,1296000,01/11/2016,(209) 555-0100,(209) 555-0101
563,962,Bhagavati Vinjamuri,962,4,,3162,,11008,504000,01/11/2016,(319) 555-0100,(319) 555-0101
564,963,Be Trang,963,7,,3163,,36091,972000,01/11/2016,(405) 555-0100,(405) 555-0101
565,964,Ingrida Zeltina,964,4,,3164,,34422,936000,01/11/2016,(239) 555-0100,(239) 555-0101
566,965,Phoung Cu,965,7,,3165,,21427,1080000,01/11/2016,(208) 555-0100,(208) 555-0101
567,966,Sara Walkky,966,4,,3166,,6402,756000,01/11/2016,(303) 555-0100,(303) 555-0101
568,967,Meera Patel,967,6,,3167,,14492,756000,01/11/2016,(217) 555-0100,(217) 555-0101
569,968,Anca Gogean,968,7,,3168,,1245,1224000,01/11/2016,(209) 555-0100,(209) 555-0101
570,969,Staffan Persson,969,5,,3169,,26778,1188000,01/11/2016,(314) 555-0100,(314) 555-0101
571,970,Isidora Urias,970,3,,3170,,3894,828000,01/11/2016,(239) 555-0100,(239) 555-0101
572,971,Dhanishta Mokkapati,971,7,,3171,,16416,1134000,01/11/2016,(907) 555-0100,(907) 555-0101
573,972,Lakshmi Benipal,972,5,,3172,,19839,756000,01/11/2016,(209) 555-0100,(209) 555-0101
574,973,Kumar Kamei,973,3,,3173,,22085,1188000,01/11/2016,(304) 555-0100,(304) 555-0101
575,974,Emil Roman,974,5,,3174,,18004,576000,01/11/2016,(210) 555-0100,(210) 555-0101
576,975,Prabodh Nair,975,3,,3175,,34530,1080000,01/11/2016,(605) 555-0100,(605) 555-0101
577,976,Alinne Matos,976,5,,3176,,30906,1389150,01/11/2016,(229) 555-0100,(229) 555-0101
578,977,Mauno Laurila,977,3,,3177,,24590,504000,01/11/2016,(216) 555-0100,(216) 555-0101
579,978,Baalaamjali Devulapalli,978,4,,3178,,28032,1247400,01/11/2016,(505) 555-0100,(505) 555-0101
580,979,Melani Ravlen,979,7,,3179,,7485,1188000,01/11/2016,(405) 555-0100,(405) 555-0101
581,980,Om Yadav,980,3,,3180,,20270,1044000,01/11/2016,(262) 555-0100,(262) 555-0101
582,981,Mahmut ozbek,981,6,,3181,,2782,1224000,01/11/2016,(339) 555-0100,(339) 555-0101
583,982,Yves Belisle,982,4,,3182,,35635,1134000,01/11/2016,(480) 555-0100,(480) 555-0101
584,983,Sabine Alksne,983,4,,3183,,13669,936000,01/11/2016,(479) 555-0100,(479) 555-0101
585,984,Kamala Nishad,984,7,,3184,,14268,1044000,01/11/2016,(201) 555-0100,(201) 555-0101
586,985,Roko Ilic,985,7,,3185,,13692,864000,01/11/2016,(262) 555-0100,(262) 555-0101
587,986,Neil Farrelly,986,3,,3186,,29938,604800,01/11/2016,(215) 555-0100,(215) 555-0101
588,987,Akhil Nadar,987,4,,3187,,30779,1247400,01/11/2016,(479) 555-0100,(479) 555-0101
589,988,Maksims Krastins,988,6,,3188,,19979,684000,01/11/2016,(304) 555-0100,(304) 555-0101
590,989,Milinka Zujovic,989,6,,3189,,38184,576000,01/11/2016,(316) 555-0100,(316) 555-0101
591,990,Andris Saulitis,990,7,,3190,,10233,900000,01/11/2016,(210) 555-0100,(210) 555-0101
592,991,Valter Viiding,991,4,,3191,,8294,1296000,01/11/2016,(216) 555-0100,(216) 555-0101
593,992,Amarakumaar Gadiyaram,992,3,,3192,,35503,648000,01/11/2016,(303) 555-0100,(303) 555-0101
594,993,Gasper Havzija,993,6,,3193,,31323,1260000,01/11/2016,(314) 555-0100,(314) 555-0101
595,994,Libuse Kuchtova,994,4,,3194,,35082,864000,01/11/2016,(210) 555-0100,(210) 555-0101
596,995,Kumar Naicker,995,3,,3195,,25170,396000,01/11/2016,(262) 555-0100,(262) 555-0101
597,996,Laszlo Gardenier,996,6,,3196,,21001,792000,01/11/2016,(215) 555-0100,(215) 555-0101
598,997,Nada Ana Slosar,997,4,,3197,,6907,1260000,01/11/2016,(239) 555-0100,(239) 555-0101
599,998,Mahavir Sonkar,998,5,,3198,,26300,1188000,01/11/2016,(505) 555-0100,(505) 555-0101
600,999,Kristi Part,999,4,,3199,,38036,1296000,01/11/2016,(702) 555-0100,(702) 555-0101
601,1000,Krishnam Allu,1000,3,,3200,,5645,828000,01/11/2016,(405) 555-0100,(405) 555-0101
602,1001,Dinh Mai,1001,5,,3201,,9258,1404000,27/11/2016,(210) 555-0100,(210) 555-0101
603,1002,Stefan Selezeanu,1002,5,,3202,,7529,1188000,23/12/2016,(212) 555-0100,(212) 555-0101
604,1003,Hue Ton,1003,4,,3203,,15689,1474200,23/01/2017,(252) 555-0100,(252) 555-0101
605,1004,Drishti Bose,1004,6,,3204,,36434,1296000,30/01/2017,(479) 555-0100,(479) 555-0101
606,1005,Bhadram Kamasamudram,1005,3,,3205,,36365,828000,04/02/2017,(802) 555-0100,(802) 555-0101
607,1006,Taj Syme,1006,3,,3206,,25083,1116000,08/02/2017,(216) 555-0100,(216) 555-0101
608,1007,Irma Berzina,1007,7,,3207,,24180,936000,11/02/2017,(458) 555-0100,(458) 555-0101
609,1008,Vedrana Kovacevic,1008,3,,3208,,28434,756000,12/02/2017,(479) 555-0100,(479) 555-0101
610,1009,Bhagavateeprasaad Malladi,1009,5,,3209,,13896,1008000,03/03/2017,(479) 555-0100,(479) 555-0101
611,1010,Serdar ozCelik,1010,4,,3210,,8562,432000,06/03/2017,(210) 555-0100,(210) 555-0101
612,1011,Rajeev Sandhu,1011,6,,3211,,35951,1440000,11/04/2017,(458) 555-0100,(458) 555-0101
613,1012,Urve Kasesalu,1012,7,,3212,,6206,720000,16/04/2017,(319) 555-0100,(319) 555-0101
614,1013,Annette  Hetu,1013,5,,3213,,14522,1404000,22/04/2017,(405) 555-0100,(405) 555-0101
615,1014,Narendra Tickoo,1014,3,,3214,,9099,1116000,18/05/2017,(803) 555-0100,(803) 555-0101
616,1015,Isa Hulsegge,1015,5,,3215,,30734,540000,01/06/2017,(252) 555-0100,(252) 555-0101
617,1016,Aive Petrov,1016,4,,3216,,35470,1116000,10/06/2017,(316) 555-0100,(316) 555-0101
618,1017,David Novacek ,1017,6,,3217,,7668,982800,15/06/2017,(423) 555-0100,(423) 555-0101
619,1018,Nils Kaulins,1018,5,,3218,,14041,612000,09/07/2017,(406) 555-0100,(406) 555-0101
620,1019,Dhanishta Pullela,1019,3,,3219,,12563,567000,03/08/2017,(304) 555-0100,(304) 555-0101
621,1020,Hai Banh,1020,5,,3220,,6574,945000,23/08/2017,(252) 555-0100,(252) 555-0101
622,1021,Fabrice Cloutier,1021,4,,3221,,32558,396000,19/09/2017,(252) 555-0100,(252) 555-0101
623,1022,Nadir Seddigh,1022,5,,3222,,3048,1080000,25/09/2017,(907) 555-0100,(907) 555-0101
624,1023,Farzana Habibi,1023,7,,3223,,4270,1044000,01/10/2017,(219) 555-0100,(219) 555-0101
625,1024,Arka Chatterjee,1024,4,,3224,,4795,1260000,26/10/2017,(303) 555-0100,(303) 555-0101
626,1025,Tuulikki Linna,1025,6,,3225,,25771,468000,15/11/2017,(217) 555-0100,(217) 555-0101
627,1026,Daniella Cavalcante,1026,5,,3226,,28385,529200,17/11/2017,(405) 555-0100,(405) 555-0101
628,1027,Serdar ozden,1027,7,,3227,,28817,756000,23/12/2017,(319) 555-0100,(319) 555-0101
629,1028,Emma Van Zant,1028,6,,3228,,37886,864000,14/03/2018,(303) 555-0100,(303) 555-0101
630,1029,Veronika Necesana,1029,3,,3229,,9331,1404000,18/03/2018,(218) 555-0100,(218) 555-0101
631,1030,Chompoo Atitarn,1030,5,,3230,,1326,1440000,18/04/2018,(603) 555-0100,(603) 555-0101
632,1031,Dipti Shah,1031,6,,3231,,30830,1332000,03/06/2018,(216) 555-0100,(216) 555-0101
633,1032,Som Mukherjee,1032,3,,3232,,22998,1116000,25/06/2018,(385) 555-0100,(385) 555-0101
634,1033,Cuneyt Arslan,1033,4,,3233,,17992,720000,26/06/2018,(405) 555-0100,(405) 555-0101
635,1034,Aishwarya Dantuluri,1034,3,,3234,,3018,1398600,04/07/2018,(209) 555-0100,(209) 555-0101
636,1035,Manjunatha Karnik,1035,5,,3235,,37898,1188000,08/09/2018,(405) 555-0100,(405) 555-0101
637,1036,Erik Malk,1036,5,,3236,,2053,612000,13/09/2018,(406) 555-0100,(406) 555-0101
638,1037,David Jaramillo,1037,7,,3237,,28918,756000,21/09/2018,(803) 555-0100,(803) 555-0101
639,1038,Damodara Trivedi,1038,6,,3238,,33644,720000,03/10/2018,(210) 555-0100,(210) 555-0101
640,1039,Bhaamini Palagummi,1039,6,,3239,,18410,828000,13/11/2018,(212) 555-0100,(212) 555-0101
641,1040,Damodar Shenoy,1040,3,,3240,,30865,864000,16/11/2018,(229) 555-0100,(229) 555-0101
642,1041,Tomo Vidovic,1041,4,,3241,,34371,1044000,18/11/2018,(207) 555-0100,(207) 555-0101
643,1042,Nguyen Banh,1042,3,,3242,,11696,900000,22/11/2018,(239) 555-0100,(239) 555-0101
644,1043,Raj Verma,1043,7,,3243,,7113,1260000,30/11/2018,(203) 555-0100,(203) 555-0101
645,1044,Hanita Nookala,1044,3,,3244,,21650,720000,13/12/2018,(225) 555-0100,(225) 555-0101
646,1045,Matteo Cattaneo,1045,4,,3245,,24352,864000,23/12/2018,(229) 555-0100,(229) 555-0101
647,1046,Christian Couet,1046,5,,3246,,13799,1058400,12/04/2019,(212) 555-0100,(212) 555-0101
648,1047,Ivana Hadrabova,1047,5,,3247,,18648,576000,28/05/2019,(603) 555-0100,(603) 555-0101
649,1048,Abhra Ganguly,1048,6,,3248,,35684,1080000,09/06/2019,(212) 555-0100,(212) 555-0101
650,1049,Amet Shergill,1049,7,,3249,,37988,432000,13/06/2019,(303) 555-0100,(303) 555-0101
651,1050,Amrita Ganguly,1050,4,,3250,,26010,1116000,24/07/2019,(787) 555-0100,(787) 555-0101
652,1051,Sylvie Laramee,1051,6,,3251,,16702,1008000,25/07/2019,(787) 555-0100,(787) 555-0101
653,1052,Ian Olofsson,1052,4,,3252,,19374,1188000,27/07/2019,(339) 555-0100,(339) 555-0101
654,1053,Luis Saucedo,1053,5,,3253,,19507,828000,27/09/2019,(210) 555-0100,(210) 555-0101
655,1054,Emma Salpa,1054,4,,3254,,29391,576000,29/09/2019,(205) 555-0100,(205) 555-0101
656,1055,Adriana Pena,1055,5,,3255,,29158,1368000,30/09/2019,(252) 555-0100,(252) 555-0101
657,1056,Kalyani Benjaree,1056,7,,3256,,3714,1440000,20/10/2019,(212) 555-0100,(212) 555-0101
658,1057,Ganesh Majumdar,1057,5,,3257,,25608,576000,09/11/2019,(217) 555-0100,(217) 555-0101
659,1058,Jaroslav Fisar,1058,6,,3258,,31564,684000,02/12/2019,(215) 555-0100,(215) 555-0101
660,1059,Jibek Juniskyzy,1059,4,,3259,,10483,648000,12/01/2020,(217) 555-0100,(217) 555-0101
661,1060,Anand Mudaliyar,1060,7,,3260,,22090,396000,22/02/2020,(206) 555-0100,(206) 555-0101
662,1061,Agrita Abele,1061,5,,3261,,19881,576000,07/03/2020,(206) 555-0100,(206) 555-0101
