Date,Temperature (° F) - Avg,Dew Point (° F) - Avg,Humidity (%) - Avg,Wind Speed (mph) - Avg,Pressure (Hg) - Avg,Precipitation (in) Total,Year,Quarter,Month,Day
2016-01-01,40.7,24.0,51.7,14.4,30.0,0.0,2016,1,1,1
2016-02-01,37.3,18.5,46.8,13.3,30.0,0.0,2016,1,2,1
2016-03-01,41.0,23.2,50.3,14.3,29.9,0.0,2016,1,3,1
2016-04-01,29.3,10.3,45.7,19.3,30.0,0.0,2016,2,4,1
2016-05-01,20.7,-2.2,38.5,13.2,30.6,0.0,2016,2,5,1
2016-06-01,31.5,11.5,45.3,7.0,30.5,0.0,2016,2,6,1
2016-07-01,38.9,13.6,37.0,3.9,30.3,0.0,2016,3,7,1
2016-08-01,41.0,28.9,62.1,8.8,30.2,0.0,2016,3,8,1
2016-09-01,46.3,39.9,78.4,11.8,30.1,0.0,2016,3,9,1
2016-10-01,52.4,47.8,85.3,21.0,29.6,0.81,2016,4,10,1
2016-11-01,33.9,9.1,36.3,20.6,29.9,0.49,2016,4,11,1
2016-12-01,34.2,17.5,51.5,12.9,29.9,0.0,2016,4,12,1
2016-01-13,27.2,5.4,40.3,21.5,29.9,0.0,2016,1,1,13
2016-01-14,31.6,12.6,45.8,11.1,30.0,0.0,2016,1,1,14
2016-01-15,42.5,33.0,69.7,7.0,29.8,0.0,2016,1,1,15
2016-01-16,47.3,38.1,71.9,13.1,29.5,0.31,2016,1,1,16
2016-01-17,35.2,24.3,65.5,10.6,29.8,0.02,2016,1,1,17
2016-01-18,26.5,9.0,49.7,21.1,29.8,0.05,2016,1,1,18
2016-01-19,24.3,2.7,40.4,22.2,30.0,0.0,2016,1,1,19
2016-01-20,33.5,14.6,46.5,12.2,30.1,0.0,2016,1,1,20
2016-01-21,32.0,11.5,43.4,13.5,30.1,0.0,2016,1,1,21
2016-01-22,27.1,5.6,40.5,11.8,30.2,0.0,2016,1,1,22
2016-01-23,28.4,24.6,84.9,24.9,29.7,0.22,2016,1,1,23
2016-01-24,27.9,12.2,52.9,13.9,29.9,0.52,2016,1,1,24
2016-01-25,31.0,19.3,62.1,4.1,30.3,0.0,2016,1,1,25
2016-01-26,40.8,33.0,74.3,9.9,30.1,0.0,2016,1,1,26
2016-01-27,41.4,25.1,53.8,11.6,30.0,0.0,2016,1,1,27
2016-01-28,34.7,23.0,63.1,3.6,29.9,0.0,2016,1,1,28
2016-01-29,37.2,23.8,59.0,12.9,29.6,0.0,2016,1,1,29
2016-01-30,34.2,20.0,56.3,11.3,30.0,0.0,2016,1,1,30
2016-01-31,41.1,32.2,71.5,8.5,29.9,0.0,2016,1,1,31
2016-01-02,49.4,37.0,64.5,9.6,29.8,0.0,2016,1,1,2
2016-02-02,42.9,27.1,55.5,5.8,30.3,0.0,2016,1,2,2
2016-03-02,50.5,46.9,87.7,16.0,30.0,0.0,2016,1,3,2
2016-04-02,51.5,41.6,71.6,8.8,30.0,0.44,2016,2,4,2
2016-05-02,35.4,26.7,73.8,18.1,30.1,0.0,2016,2,5,2
2016-06-02,33.6,19.8,57.1,8.6,30.4,0.12,2016,2,6,2
2016-07-02,38.0,25.4,61.7,6.8,30.1,0.0,2016,3,7,2
2016-08-02,32.7,25.9,76.6,14.4,29.8,0.0,2016,3,8,2
2016-09-02,30.9,23.1,73.0,7.0,29.6,0.12,2016,3,9,2
2016-10-02,34.9,25.2,69.7,11.8,29.6,0.02,2016,4,10,2
2016-11-02,25.9,3.2,39.5,21.4,29.9,0.0,2016,4,11,2
2016-12-02,22.0,1.5,41.4,12.2,30.1,0.0,2016,4,12,2
2016-02-13,18.8,-3.7,39.3,22.9,30.1,0.0,2016,1,2,13
2016-02-14,9.8,-15.3,32.0,15.1,30.5,0.0,2016,1,2,14
2016-02-15,25.9,15.4,68.1,6.9,30.4,0.0,2016,1,2,15
2016-02-16,47.2,43.3,86.6,18.1,29.7,0.0,2016,1,2,16
2016-02-17,38.9,26.0,60.1,13.1,30.0,0.0,2016,1,2,17
2016-02-18,33.1,8.0,37.1,15.3,30.4,0.0,2016,1,2,18
2016-02-19,32.0,16.1,52.9,10.0,30.5,0.0,2016,1,2,19
2016-02-20,47.9,33.8,60.1,14.0,29.9,0.0,2016,1,2,20
2016-02-21,49.4,34.7,59.2,7.1,29.9,0.0,2016,1,2,21
2016-02-22,43.2,30.1,62.0,7.6,30.1,0.08,2016,1,2,22
2016-02-23,38.9,31.7,76.7,15.7,30.3,0.0,2016,1,2,23
2016-02-24,48.6,46.5,92.4,17.6,29.8,0.4,2016,1,2,24
2016-02-25,47.7,40.8,77.6,23.9,29.3,0.98,2016,1,2,25
2016-02-26,35.5,10.6,37.6,20.5,29.9,0.0,2016,1,2,26
2016-02-27,34.1,14.2,44.3,14.4,30.1,0.0,2016,1,2,27
2016-02-28,44.4,30.0,58.8,14.8,29.9,0.0,2016,1,2,28
2016-02-29,49.0,36.2,64.1,15.3,29.7,0.0,2016,1,2,29
2016-01-03,45.6,28.6,54.4,13.4,30.0,0.06,2016,1,1,3
2016-02-03,44.6,26.6,54.1,23.2,29.7,0.16,2016,1,2,3
2016-03-03,31.8,8.9,39.1,12.8,30.2,0.0,2016,1,3,3
2016-04-03,33.4,24.6,71.8,11.9,30.1,0.08,2016,2,4,3
2016-05-03,34.7,15.3,46.9,9.4,30.2,0.05,2016,2,5,3
2016-06-03,37.6,19.8,50.4,6.8,30.3,0.0,2016,2,6,3
2016-07-03,43.8,34.0,69.0,12.3,30.2,0.0,2016,3,7,3
2016-08-03,50.3,38.5,66.4,7.0,30.1,0.0,2016,3,8,3
2016-09-03,51.6,42.0,71.8,5.4,30.1,0.0,2016,3,9,3
2016-10-03,60.0,47.0,63.1,6.4,30.0,0.0,2016,4,10,3
2016-11-03,59.9,43.0,57.6,12.2,30.1,0.02,2016,4,11,3
2016-12-03,48.1,33.5,57.8,8.3,30.2,0.0,2016,4,12,3
2016-03-13,55.3,35.2,50.3,8.3,30.0,0.0,2016,1,3,13
2016-03-14,46.2,39.1,77.8,17.0,30.0,0.0,2016,1,3,14
2016-03-15,50.5,44.3,79.7,12.0,29.8,0.47,2016,1,3,15
2016-03-16,49.5,43.5,80.0,6.1,29.8,0.0,2016,1,3,16
2016-03-17,51.6,39.8,67.2,9.2,29.8,0.01,2016,1,3,17
2016-03-18,51.9,25.8,38.5,16.4,29.8,0.0,2016,1,3,18
2016-03-19,42.6,17.7,37.8,7.3,30.1,0.0,2016,1,3,19
2016-03-20,37.8,19.6,50.1,10.9,30.1,0.0,2016,1,3,20
2016-03-21,40.6,22.1,55.3,14.3,29.9,0.12,2016,1,3,21
2016-03-22,44.0,24.7,48.9,17.2,30.1,0.0,2016,1,3,22
2016-03-23,55.8,36.4,53.5,10.2,30.0,0.0,2016,1,3,23
2016-03-24,48.1,39.8,74.1,13.5,30.0,0.0,2016,1,3,24
2016-03-25,54.4,46.8,78.4,11.7,29.8,0.0,2016,1,3,25
2016-03-26,44.0,32.1,64.2,11.4,30.3,0.0,2016,1,3,26
2016-03-27,44.4,36.7,74.9,9.6,30.3,0.0,2016,1,3,27
2016-03-28,50.5,42.1,76.5,14.3,29.7,0.27,2016,1,3,28
2016-03-29,48.8,17.6,31.2,25.3,29.9,0.21,2016,1,3,29
2016-03-30,43.8,21.7,44.2,12.0,30.3,0.0,2016,1,3,30
2016-03-31,54.2,47.0,78.0,20.2,30.0,0.0,2016,1,3,31
2016-01-04,56.6,53.5,89.7,16.2,29.6,0.01,2016,1,1,4
2016-02-04,50.0,45.6,85.5,11.4,29.5,0.01,2016,1,2,4
2016-03-04,40.3,18.5,46.5,25.1,29.7,0.37,2016,1,3,4
2016-04-04,40.2,32.0,74.5,11.3,29.9,0.01,2016,2,4,4
2016-05-04,34.2,9.2,39.9,16.4,30.3,0.31,2016,2,5,4
2016-06-04,39.0,19.3,47.3,12.3,30.3,0.0,2016,2,6,4
2016-07-04,52.9,47.4,82.1,19.9,29.6,0.0,2016,3,7,4
2016-08-04,46.6,27.3,48.4,17.2,29.6,0.06,2016,3,8,4
2016-09-04,39.9,28.1,64.0,10.7,29.8,0.0,2016,3,9,4
2016-10-04,40.0,20.5,46.8,15.9,30.3,0.09,2016,4,10,4
2016-11-04,49.7,41.3,73.5,21.3,30.2,0.0,2016,4,11,4
2016-12-04,51.3,39.7,70.1,17.3,30.1,0.01,2016,4,12,4
2016-04-13,45.7,26.9,49.6,8.6,30.4,0.16,2016,2,4,13
2016-04-14,47.2,33.5,61.3,7.6,30.3,0.0,2016,2,4,14
2016-04-15,48.4,31.7,55.0,6.6,30.4,0.0,2016,2,4,15
2016-04-16,51.1,26.6,46.4,8.8,30.4,0.0,2016,2,4,16
2016-04-17,53.7,31.0,46.8,7.0,30.4,0.0,2016,2,4,17
2016-04-18,61.1,32.7,40.1,8.5,30.2,0.0,2016,2,4,18
2016-04-19,63.6,32.0,34.4,14.2,30.0,0.0,2016,2,4,19
2016-04-20,55.8,25.9,35.8,12.6,30.2,0.0,2016,2,4,20
2016-04-21,55.6,41.4,60.1,13.7,30.1,0.0,2016,2,4,21
2016-04-22,61.4,53.8,76.7,6.6,29.9,0.0,2016,2,4,22
2016-04-23,63.2,49.8,65.9,11.5,29.8,0.13,2016,2,4,23
2016-04-24,54.5,24.6,34.9,12.7,30.0,0.01,2016,2,4,24
2016-04-25,55.5,44.6,67.6,5.2,30.0,0.0,2016,2,4,25
2016-04-26,54.5,49.0,82.3,11.1,29.8,0.02,2016,2,4,26
2016-04-27,50.2,40.5,69.8,10.0,29.9,0.02,2016,2,4,27
2016-04-28,51.3,31.9,50.8,8.6,30.0,0.0,2016,2,4,28
2016-04-29,50.8,34.5,55.5,10.8,30.1,0.0,2016,2,4,29
2016-04-30,51.4,38.8,63.1,8.4,30.2,0.03,2016,2,4,30
2016-01-05,48.0,42.6,82.3,8.7,30.2,0.0,2016,1,1,5
2016-02-05,50.8,47.8,89.3,5.9,30.0,0.22,2016,1,2,5
2016-03-05,52.8,50.4,91.9,7.2,29.9,0.66,2016,1,3,5
2016-04-05,50.5,45.9,84.7,10.9,29.8,0.14,2016,2,4,5
2016-05-05,51.1,42.9,74.1,15.0,29.7,0.07,2016,2,5,5
2016-06-05,49.8,46.2,88.0,15.4,29.7,0.52,2016,2,6,5
2016-07-05,51.1,48.3,90.4,7.1,29.8,0.16,2016,3,7,5
2016-08-05,54.3,42.5,72.7,10.1,29.7,0.03,2016,3,8,5
2016-09-05,61.8,38.5,44.9,13.7,30.0,0.08,2016,3,9,5
2016-10-05,55.9,32.6,43.4,9.7,30.2,0.0,2016,4,10,5
2016-11-05,60.1,42.1,55.4,7.6,30.1,0.0,2016,4,11,5
2016-12-05,62.0,45.8,60.4,6.6,30.1,0.0,2016,4,12,5
2016-05-13,58.5,55.3,89.6,5.7,29.9,0.0,2016,2,5,13
2016-05-14,63.1,54.3,74.0,12.4,29.7,0.25,2016,2,5,14
2016-05-15,53.2,32.5,45.7,19.7,29.8,0.0,2016,2,5,15
2016-05-16,55.5,27.5,36.2,19.2,30.1,0.0,2016,2,5,16
2016-05-17,57.4,45.4,65.7,11.2,30.2,0.0,2016,2,5,17
2016-05-18,57.3,41.8,58.8,8.0,30.1,0.0,2016,2,5,18
2016-05-19,57.4,46.2,67.4,7.0,30.1,0.02,2016,2,5,19
2016-05-20,62.0,43.5,54.9,7.2,30.2,0.0,2016,2,5,20
2016-05-21,58.0,49.7,75.5,6.7,30.1,0.0,2016,2,5,21
2016-05-22,59.8,51.1,74.2,7.8,29.8,0.16,2016,2,5,22
2016-05-23,62.0,50.0,66.6,6.0,29.9,0.0,2016,2,5,23
2016-05-24,65.7,54.1,68.4,6.8,29.9,0.33,2016,2,5,24
2016-05-25,72.9,51.8,51.9,9.4,30.0,0.01,2016,2,5,25
2016-05-26,72.7,54.8,55.7,10.1,30.1,0.0,2016,2,5,26
2016-05-27,69.2,61.3,76.4,9.3,30.1,0.0,2016,2,5,27
2016-05-28,71.3,59.7,67.3,11.6,30.1,0.0,2016,2,5,28
2016-05-29,69.6,60.7,74.7,9.7,30.1,0.0,2016,2,5,29
2016-05-30,68.2,65.8,92.3,10.7,30.0,1.05,2016,2,5,30
2016-05-31,70.0,66.0,87.3,6.4,29.9,0.01,2016,2,5,31
2016-01-06,72.3,56.1,60.6,9.3,30.1,0.0,2016,1,1,6
2016-02-06,65.0,59.5,82.4,9.7,30.1,0.0,2016,1,2,6
2016-03-06,64.9,61.2,87.5,5.5,30.1,0.0,2016,1,3,6
2016-04-06,69.6,64.1,82.8,7.6,30.0,0.01,2016,2,4,6
2016-05-06,68.5,65.1,89.3,12.8,29.8,0.0,2016,2,5,6
2016-06-06,72.9,62.2,71.9,11.5,29.7,0.67,2016,2,6,6
2016-07-06,74.5,57.8,58.0,11.0,29.5,0.0,2016,3,7,6
2016-08-06,62.1,46.5,58.2,16.0,29.6,0.0,2016,3,8,6
2016-09-06,64.9,36.9,37.7,19.5,29.8,0.66,2016,3,9,6
2016-10-06,69.3,34.3,28.3,14.3,30.0,0.0,2016,4,10,6
2016-11-06,71.9,57.0,60.3,8.8,29.9,0.0,2016,4,11,6
2016-12-06,77.6,50.7,43.0,20.4,29.7,0.0,2016,4,12,6
2016-06-13,67.5,44.7,44.3,19.3,29.8,0.0,2016,2,6,13
2016-06-14,70.5,44.1,41.2,11.9,29.9,0.0,2016,2,6,14
2016-06-15,72.4,50.8,48.8,9.3,29.9,0.0,2016,2,6,15
2016-06-16,68.5,59.2,72.7,4.0,29.8,0.03,2016,2,6,16
2016-06-17,68.9,53.5,61.5,8.3,29.9,0.01,2016,2,6,17
2016-06-18,69.5,53.4,58.5,7.7,30.2,0.0,2016,2,6,18
2016-06-19,70.3,58.0,66.4,8.1,30.3,0.0,2016,2,6,19
2016-06-20,70.7,61.8,73.9,7.8,30.1,0.0,2016,2,6,20
2016-06-21,79.4,58.0,50.3,11.4,29.8,0.0,2016,2,6,21
2016-06-22,80.5,48.2,34.8,8.9,29.8,0.0,2016,2,6,22
2016-06-23,75.6,59.3,58.0,5.2,29.9,0.0,2016,2,6,23
2016-06-24,74.8,59.0,61.1,10.8,30.0,0.0,2016,2,6,24
2016-06-25,73.3,55.9,57.5,8.7,30.2,0.0,2016,2,6,25
2016-06-26,73.5,58.0,59.4,9.7,30.2,0.0,2016,2,6,26
2016-06-27,73.3,62.3,69.1,15.5,30.1,0.0,2016,2,6,27
2016-06-28,72.2,67.7,85.6,11.4,29.9,0.23,2016,2,6,28
2016-06-29,77.7,62.3,63.7,7.9,29.9,0.0,2016,2,6,29
2016-06-30,76.8,58.7,55.3,11.2,30.0,0.0,2016,2,6,30
2016-01-07,74.0,68.9,84.0,10.2,29.9,0.0,2016,1,1,7
2016-02-07,75.0,52.5,48.9,14.1,30.0,0.45,2016,1,2,7
2016-03-07,74.9,53.0,47.4,9.7,30.1,0.0,2016,1,3,7
2016-04-07,73.9,61.8,67.9,12.2,30.0,0.0,2016,2,4,7
2016-05-07,78.3,68.5,74.1,9.6,29.8,0.99,2016,2,5,7
2016-06-07,81.0,69.3,68.9,9.6,29.8,0.0,2016,2,6,7
2016-07-07,79.2,72.8,81.1,7.3,29.8,0.0,2016,3,7,7
2016-08-07,76.5,69.7,80.2,11.6,29.8,0.07,2016,3,8,7
2016-09-07,68.4,63.9,85.8,11.4,29.8,0.02,2016,3,9,7
2016-10-07,75.0,62.5,67.4,10.6,29.9,0.25,2016,4,10,7
2016-11-07,72.8,60.0,65.7,9.9,30.1,0.0,2016,4,11,7
2016-12-07,73.1,64.2,75.0,11.0,30.1,0.0,2016,4,12,7
2016-07-13,75.2,68.2,79.1,10.9,30.1,0.0,2016,3,7,13
2016-07-14,78.7,74.3,86.6,9.6,29.9,0.0,2016,3,7,14
2016-07-15,84.3,70.2,64.0,11.0,29.9,0.28,2016,3,7,15
2016-07-16,80.7,66.8,63.6,9.5,30.0,0.0,2016,3,7,16
2016-07-17,79.3,69.9,73.6,8.7,30.1,0.07,2016,3,7,17
2016-07-18,79.7,71.3,76.5,10.9,30.1,0.0,2016,3,7,18
2016-07-19,79.9,54.5,44.6,13.2,30.1,0.18,2016,3,7,19
2016-07-20,75.2,53.6,48.0,8.1,30.2,0.0,2016,3,7,20
2016-07-21,77.5,64.9,66.0,14.1,30.1,0.0,2016,3,7,21
2016-07-22,80.9,69.5,69.6,14.0,29.9,0.0,2016,3,7,22
2016-07-23,89.4,59.5,40.1,12.7,29.8,0.0,2016,3,7,23
2016-07-24,80.6,62.4,55.5,11.0,30.0,0.0,2016,3,7,24
2016-07-25,77.5,71.4,81.8,10.4,29.9,0.02,2016,3,7,25
2016-07-26,83.5,64.4,56.2,11.8,29.9,2.45,2016,3,7,26
2016-07-27,80.6,64.2,58.5,7.5,29.9,0.0,2016,3,7,27
2016-07-28,80.2,72.2,77.4,8.2,29.9,0.0,2016,3,7,28
2016-07-29,75.5,68.9,80.8,10.4,29.9,0.21,2016,3,7,29
2016-07-30,77.4,71.6,82.9,8.1,30.0,0.44,2016,3,7,30
2016-07-31,76.2,71.8,86.2,11.2,30.0,0.18,2016,3,7,31
2016-01-08,72.9,66.8,81.3,9.0,30.0,0.45,2016,1,1,8
2016-02-08,73.3,61.4,67.0,8.8,30.1,0.0,2016,1,2,8
2016-03-08,72.2,59.5,66.2,8.0,30.2,0.0,2016,1,3,8
2016-04-08,72.9,63.3,72.4,6.6,30.1,0.0,2016,2,4,8
2016-05-08,74.6,65.5,74.0,10.5,30.0,0.0,2016,2,5,8
2016-06-08,77.7,72.8,85.5,10.8,29.8,0.0,2016,2,6,8
2016-07-08,81.4,55.9,43.8,10.3,29.9,0.0,2016,3,7,8
2016-08-08,78.5,62.0,58.1,6.8,30.0,0.0,2016,3,8,8
2016-09-08,78.4,68.2,73.7,8.6,30.2,0.0,2016,3,9,8
2016-10-08,79.0,75.1,87.8,13.7,30.1,0.0,2016,4,10,8
2016-11-08,83.3,76.0,79.4,8.7,30.0,0.0,2016,4,11,8
2016-12-08,83.2,75.0,76.6,12.1,29.9,0.0,2016,4,12,8
2016-08-13,85.1,76.9,76.5,10.7,29.9,0.0,2016,3,8,13
2016-08-14,84.6,71.3,61.6,10.0,29.9,0.0,2016,3,8,14
2016-08-15,82.7,73.9,74.9,8.8,30.1,0.0,2016,3,8,15
2016-08-16,82.0,74.7,78.7,13.9,30.1,0.0,2016,3,8,16
2016-08-17,81.6,68.4,65.8,15.8,30.0,0.0,2016,3,8,17
2016-08-18,78.5,69.8,75.0,4.6,30.0,0.0,2016,3,8,18
2016-08-19,79.8,72.0,77.8,7.4,29.9,0.0,2016,3,8,19
2016-08-20,78.7,71.6,78.9,7.1,29.9,0.0,2016,3,8,20
2016-08-21,80.0,74.2,82.2,12.3,29.8,0.0,2016,3,8,21
2016-08-22,74.1,55.7,54.6,16.0,30.0,0.0,2016,3,8,22
2016-08-23,71.8,53.5,53.8,7.5,30.3,0.0,2016,3,8,23
2016-08-24,75.3,65.0,71.6,11.3,30.2,0.0,2016,3,8,24
2016-08-25,75.7,69.3,80.9,14.4,30.1,0.0,2016,3,8,25
2016-08-26,82.4,70.3,68.8,10.5,30.0,0.0,2016,3,8,26
2016-08-27,80.3,60.7,52.0,8.5,30.2,0.0,2016,3,8,27
2016-08-28,74.8,62.3,62.8,6.6,30.2,0.0,2016,3,8,28
2016-08-29,81.3,64.5,60.0,10.0,30.1,0.0,2016,3,8,29
2016-08-30,76.3,65.1,69.0,8.3,30.1,0.0,2016,3,8,30
2016-08-31,77.4,72.6,85.5,9.8,30.0,0.0,2016,3,8,31
2016-01-09,75.0,70.1,84.7,6.0,29.9,0.0,2016,1,1,9
2016-02-09,73.3,56.0,55.7,11.0,30.1,0.0,2016,1,2,9
2016-03-09,72.5,59.0,63.5,10.5,30.1,0.0,2016,1,3,9
2016-04-09,72.6,55.3,56.6,11.8,30.2,0.0,2016,2,4,9
2016-05-09,73.7,53.4,49.4,16.0,30.1,0.0,2016,2,5,9
2016-06-09,74.4,64.5,72.3,21.1,29.9,0.0,2016,2,6,9
2016-07-09,76.1,68.6,78.5,13.7,30.0,0.17,2016,3,7,9
2016-08-09,77.0,69.5,77.8,6.0,29.9,0.0,2016,3,8,9
2016-09-09,83.1,70.8,67.1,8.6,29.9,0.0,2016,3,9,9
2016-10-09,79.3,72.2,79.1,11.6,30.0,0.0,2016,4,10,9
2016-11-09,78.4,59.3,56.8,14.8,30.0,0.0,2016,4,11,9
2016-12-09,69.0,51.1,53.9,9.7,30.2,0.0,2016,4,12,9
2016-09-13,71.0,59.4,67.7,10.8,30.2,0.0,2016,3,9,13
2016-09-14,74.6,64.3,70.8,12.9,30.1,0.0,2016,3,9,14
2016-09-15,67.5,49.3,53.5,9.6,30.2,0.43,2016,3,9,15
2016-09-16,65.5,52.4,64.2,7.9,30.3,0.0,2016,3,9,16
2016-09-17,67.3,59.2,75.8,8.3,30.2,0.0,2016,3,9,17
2016-09-18,74.4,69.4,84.7,10.7,30.1,0.0,2016,3,9,18
2016-09-19,71.7,68.7,90.3,5.6,30.0,0.02,2016,3,9,19
2016-09-20,72.3,68.2,87.5,5.4,30.1,0.95,2016,3,9,20
2016-09-21,72.1,60.5,72.2,3.7,30.1,0.0,2016,3,9,21
2016-09-22,72.2,54.2,56.8,6.5,30.1,0.0,2016,3,9,22
2016-09-23,71.2,62.0,73.4,5.3,30.0,0.0,2016,3,9,23
2016-09-24,64.3,51.6,66.9,10.7,30.1,0.29,2016,3,9,24
2016-09-25,61.8,37.5,42.5,6.4,30.2,0.0,2016,3,9,25
2016-09-26,64.0,48.3,57.4,11.2,30.1,0.0,2016,3,9,26
2016-09-27,69.5,61.0,75.6,10.5,29.9,0.18,2016,3,9,27
2016-09-28,63.7,57.7,81.4,12.7,30.1,0.0,2016,3,9,28
2016-09-29,61.7,53.0,73.5,16.7,30.3,0.0,2016,3,9,29
2016-09-30,60.3,55.8,85.3,18.6,30.3,0.03,2016,3,9,30
2016-01-10,60.3,55.6,84.4,14.0,30.2,0.3,2016,1,1,10
2016-02-10,61.4,57.2,86.3,5.0,30.1,0.01,2016,1,2,10
2016-03-10,64.7,58.6,81.2,4.6,30.0,0.0,2016,1,3,10
2016-04-10,64.0,54.7,72.5,10.0,30.3,0.0,2016,2,4,10
2016-05-10,58.8,50.2,73.8,6.8,30.3,0.0,2016,2,5,10
2016-06-10,60.5,52.6,76.3,5.2,30.3,0.0,2016,2,6,10
2016-07-10,60.5,53.5,80.0,5.7,30.3,0.0,2016,3,7,10
2016-08-10,64.8,60.9,87.1,5.5,30.1,0.0,2016,3,8,10
2016-09-10,57.3,49.7,77.0,18.9,30.0,0.88,2016,3,9,10
2016-10-10,54.7,31.9,44.2,14.8,30.2,0.45,2016,4,10,10
2016-11-10,53.8,40.5,61.9,6.6,30.4,0.0,2016,4,11,10
2016-12-10,57.3,49.4,76.3,6.0,30.3,0.0,2016,4,12,10
2016-10-13,59.5,52.3,78.2,8.2,30.1,0.0,2016,4,10,13
2016-10-14,54.5,35.1,49.6,9.0,30.3,0.01,2016,4,10,14
2016-10-15,55.1,43.5,65.9,6.9,30.4,0.0,2016,4,10,15
2016-10-16,61.6,53.5,75.2,10.8,30.1,0.0,2016,4,10,16
2016-10-17,67.0,60.1,79.0,8.0,29.9,0.0,2016,4,10,17
2016-10-18,67.9,62.0,81.9,11.6,29.9,0.0,2016,4,10,18
2016-10-19,73.4,59.5,64.0,8.4,30.0,0.0,2016,4,10,19
2016-10-20,66.2,56.9,72.8,11.7,30.1,0.0,2016,4,10,20
2016-10-21,67.3,65.2,92.7,7.3,29.7,0.0,2016,4,10,21
2016-10-22,52.8,44.6,74.6,19.9,29.5,1.11,2016,4,10,22
2016-10-23,55.3,34.0,45.3,17.5,29.8,0.18,2016,4,10,23
2016-10-24,57.3,38.3,51.4,15.6,29.9,0.0,2016,4,10,24
2016-10-25,49.6,27.3,42.6,16.7,30.2,0.0,2016,4,10,25
2016-10-26,46.0,23.6,42.0,11.3,30.4,0.0,2016,4,10,26
2016-10-27,49.0,39.4,70.9,12.9,30.3,0.0,2016,4,10,27
2016-10-28,49.0,36.6,64.0,19.3,30.1,0.54,2016,4,10,28
2016-10-29,53.0,39.3,60.0,9.0,30.1,0.0,2016,4,10,29
2016-10-30,65.0,54.8,70.5,10.6,29.9,0.0,2016,4,10,30
2016-10-31,50.5,34.0,54.5,12.2,30.1,0.15,2016,4,10,31
2016-01-11,50.9,40.3,68.0,7.5,30.3,0.0,2016,1,1,11
2016-02-11,60.0,51.7,74.4,10.0,30.2,0.0,2016,1,2,11
2016-03-11,62.9,52.6,71.0,12.4,29.9,0.0,2016,1,3,11
2016-04-11,56.8,34.0,44.3,13.1,30.1,0.0,2016,2,4,11
2016-05-11,54.4,36.0,50.7,10.4,30.2,0.0,2016,2,5,11
2016-06-11,54.7,34.3,47.3,15.9,30.2,0.0,2016,2,6,11
2016-07-11,47.8,26.3,44.0,9.5,30.4,0.0,2016,3,7,11
2016-08-11,52.8,35.6,54.4,5.8,30.1,0.0,2016,3,8,11
2016-09-11,55.0,45.6,71.1,8.6,29.9,0.0,2016,3,9,11
2016-10-11,49.9,32.5,53.3,13.2,29.9,0.01,2016,4,10,11
2016-11-11,53.5,29.4,41.0,20.3,29.8,0.0,2016,4,11,11
2016-12-11,44.8,19.7,37.4,12.3,30.2,0.0,2016,4,12,11
2016-11-13,49.9,27.7,43.8,11.7,30.1,0.0,2016,4,11,13
2016-11-14,51.4,31.0,46.8,7.1,30.0,0.0,2016,4,11,14
2016-11-15,50.1,45.1,83.2,14.2,29.8,0.33,2016,4,11,15
2016-11-16,52.9,38.2,59.0,11.7,29.8,0.9,2016,4,11,16
2016-11-17,55.4,38.9,54.8,11.2,30.0,0.0,2016,4,11,17
2016-11-18,54.1,37.8,56.1,7.4,30.1,0.0,2016,4,11,18
2016-11-19,53.6,44.1,70.9,8.5,29.8,0.0,2016,4,11,19
2016-11-20,40.8,27.3,60.0,24.4,29.6,0.34,2016,4,11,20
2016-11-21,39.8,17.5,40.9,24.5,29.7,0.0,2016,4,11,21
2016-11-22,40.0,19.5,44.2,23.3,30.0,0.0,2016,4,11,22
2016-11-23,40.8,21.7,47.2,11.9,30.3,0.0,2016,4,11,23
2016-11-24,45.4,34.9,67.3,7.0,30.3,0.0,2016,4,11,24
2016-11-25,49.7,43.2,78.8,4.3,30.2,0.0,2016,4,11,25
2016-11-26,48.1,37.6,68.1,11.7,30.1,0.0,2016,4,11,26
2016-11-27,45.5,28.6,52.8,13.3,30.1,0.0,2016,4,11,27
2016-11-28,46.0,31.6,57.8,8.4,30.2,0.0,2016,4,11,28
2016-11-29,56.9,52.9,86.7,14.9,29.9,0.0,2016,4,11,29
2016-11-30,55.5,52.5,89.6,10.2,29.8,1.42,2016,4,11,30
2016-01-12,53.3,40.6,65.1,16.4,29.6,0.51,2016,1,1,12
2016-02-12,46.5,28.0,49.3,18.2,29.9,0.0,2016,1,2,12
2016-03-12,45.2,26.2,47.8,19.0,30.0,0.0,2016,1,3,12
2016-04-12,42.6,21.8,44.1,11.8,30.2,0.0,2016,2,4,12
2016-05-12,44.5,34.5,69.2,11.4,30.0,0.18,2016,2,5,12
2016-06-12,42.6,31.3,65.1,9.5,30.0,0.0,2016,2,6,12
2016-07-12,43.9,37.8,79.2,8.1,29.9,0.44,2016,3,7,12
2016-08-12,41.5,25.4,55.0,12.2,30.0,0.0,2016,3,8,12
2016-09-12,35.8,14.3,42.2,20.5,30.1,0.0,2016,3,9,12
2016-10-12,33.3,15.5,48.5,12.5,30.4,0.0,2016,4,10,12
2016-11-12,32.3,19.1,60.1,6.0,30.5,0.0,2016,4,11,12
2016-12-12,44.2,38.0,78.9,11.5,29.9,0.56,2016,4,12,12
2016-12-13,40.8,24.5,52.5,8.8,30.1,0.06,2016,4,12,13
2016-12-14,40.2,19.8,46.0,12.3,30.0,0.0,2016,4,12,14
2016-12-15,27.1,-1.2,30.2,22.9,29.9,0.0,2016,4,12,15
2016-12-16,23.6,2.7,40.7,14.0,30.4,0.0,2016,4,12,16
2016-12-17,33.3,27.1,78.8,8.6,30.1,0.21,2016,4,12,17
2016-12-18,47.0,39.1,76.6,15.7,29.9,0.57,2016,4,12,18
2016-12-19,28.9,5.4,37.4,12.9,30.6,0.01,2016,4,12,19
2016-12-20,28.2,9.3,45.9,7.5,30.5,0.0,2016,4,12,20
2016-12-21,36.2,18.9,49.8,9.6,30.2,0.0,2016,4,12,21
2016-12-22,42.8,23.4,47.7,13.2,30.1,0.0,2016,4,12,22
2016-12-23,42.7,22.8,45.8,12.3,30.4,0.0,2016,4,12,23
2016-12-24,42.9,34.2,72.1,10.6,30.2,0.0,2016,4,12,24
2016-12-25,43.9,27.1,52.6,10.3,30.5,0.6,2016,4,12,25
2016-12-26,42.0,31.9,68.9,9.8,30.5,0.0,2016,4,12,26
2016-12-27,53.4,41.6,67.6,13.7,29.9,0.0,2016,4,12,27
2016-12-28,39.8,20.9,47.1,13.5,30.1,0.0,2016,4,12,28
2016-12-29,41.7,33.1,71.9,11.4,29.7,0.0,2016,4,12,29
2016-12-30,38.4,21.9,52.6,17.4,29.7,0.36,2016,4,12,30
2016-12-31,39.4,20.3,46.5,18.8,30.1,0.0,2016,4,12,31
2017-01-01,44.6,21.0,41.0,9.9,30.2,0.0,2017,1,1,1
2017-02-01,40.0,31.1,71.4,9.9,30.4,0.0,2017,1,2,1
2017-03-01,44.1,39.7,84.4,13.4,29.9,0.31,2017,1,3,1
2017-04-01,45.7,32.3,64.3,16.5,29.5,0.46,2017,2,4,1
2017-05-01,32.0,7.5,36.0,18.1,29.9,0.0,2017,2,5,1
2017-06-01,31.1,16.6,57.4,8.6,30.1,0.03,2017,2,6,1
2017-07-01,23.0,12.4,66.2,16.3,30.2,0.0,2017,3,7,1
2017-08-01,21.3,2.4,44.6,18.4,30.3,0.22,2017,3,8,1
2017-09-01,20.1,2.1,45.9,11.2,30.7,0.0,2017,3,9,1
2017-10-01,30.9,20.5,65.5,7.8,30.5,0.0,2017,4,10,1
2017-11-01,46.2,39.1,76.7,12.0,30.3,0.18,2017,4,11,1
2017-12-01,50.8,44.7,80.2,11.2,30.1,0.38,2017,4,12,1
2017-01-13,47.3,28.1,50.0,17.1,30.4,0.0,2017,1,1,13
2017-01-14,30.8,19.5,65.9,4.6,30.5,0.0,2017,1,1,14
2017-01-15,35.5,21.2,57.3,8.5,30.3,0.15,2017,1,1,15
2017-01-16,35.7,21.7,57.3,6.3,30.4,0.0,2017,1,1,16
2017-01-17,40.6,32.4,73.7,7.4,30.1,0.0,2017,1,1,17
2017-01-18,41.4,36.8,83.6,10.9,29.9,0.68,2017,1,1,18
2017-01-19,44.1,33.1,66.9,8.9,30.0,0.0,2017,1,1,19
2017-01-20,43.1,32.1,67.1,6.0,30.0,0.0,2017,1,1,20
2017-01-21,44.7,44.7,99.9,8.2,29.9,0.08,2017,1,1,21
2017-01-22,46.8,45.9,96.7,7.3,29.7,0.0,2017,1,1,22
2017-01-23,41.9,36.6,81.7,24.5,29.7,0.01,2017,1,1,23
2017-01-24,38.6,35.8,89.7,22.0,29.3,1.27,2017,1,1,24
2017-01-25,43.1,31.0,63.5,15.2,29.6,0.79,2017,1,1,25
2017-01-26,45.8,36.0,70.9,14.6,29.4,0.0,2017,1,1,26
2017-01-27,41.3,25.1,53.1,20.8,29.6,0.03,2017,1,1,27
2017-01-28,36.7,21.8,55.1,18.2,29.7,0.0,2017,1,1,28
2017-01-29,37.7,21.2,55.5,11.6,29.7,0.0,2017,1,1,29
2017-01-30,34.6,12.5,41.6,12.5,29.8,0.0,2017,1,1,30
2017-01-31,29.3,21.1,74.7,7.2,29.9,0.0,2017,1,1,31
2017-01-02,41.2,29.5,65.0,12.8,29.9,0.05,2017,1,1,2
2017-02-02,38.8,23.2,56.1,12.0,30.1,0.0,2017,1,2,2
2017-03-02,30.6,9.3,41.2,12.6,30.2,0.0,2017,1,3,2
2017-04-02,29.0,6.6,38.9,15.5,30.3,0.0,2017,2,4,2
2017-05-02,36.8,22.7,57.1,12.9,30.0,0.0,2017,2,5,2
2017-06-02,41.7,28.3,61.6,11.1,30.1,0.0,2017,2,6,2
2017-07-02,40.0,39.2,97.2,7.6,29.9,0.0,2017,3,7,2
2017-08-02,48.3,40.3,77.5,8.3,29.6,0.1,2017,3,8,2
2017-09-02,30.0,24.5,81.9,23.0,29.6,0.21,2017,3,9,2
2017-10-02,26.2,11.5,54.4,16.7,30.2,0.27,2017,4,10,2
2017-11-02,38.8,28.0,65.4,7.0,30.0,0.0,2017,4,11,2
2017-12-02,34.2,32.2,92.7,11.4,29.9,0.05,2017,4,12,2
2017-02-13,36.0,24.3,63.1,25.5,29.8,0.35,2017,1,2,13
2017-02-14,33.4,23.3,67.0,11.4,29.9,0.0,2017,1,2,14
2017-02-15,38.5,32.4,79.7,11.3,29.5,0.0,2017,1,2,15
2017-02-16,34.0,17.8,52.0,22.1,29.6,0.0,2017,1,2,16
2017-02-17,35.2,15.6,46.1,15.3,29.9,0.0,2017,1,2,17
2017-02-18,42.5,30.7,64.0,6.5,29.8,0.0,2017,1,2,18
2017-02-19,57.3,34.6,44.3,11.5,29.8,0.0,2017,1,2,19
2017-02-20,49.2,24.5,40.6,13.6,30.2,0.0,2017,1,2,20
2017-02-21,39.0,25.2,59.1,8.6,30.3,0.0,2017,1,2,21
2017-02-22,44.4,40.2,85.8,5.8,30.0,0.0,2017,1,2,22
2017-02-23,46.1,45.0,95.9,5.1,29.9,0.0,2017,1,2,23
2017-02-24,52.3,50.2,93.1,12.0,29.9,0.0,2017,1,2,24
2017-02-25,52.9,51.4,95.2,11.8,29.7,0.0,2017,1,2,25
2017-02-26,41.3,21.3,46.1,19.0,30.0,0.34,2017,1,2,26
2017-02-27,41.8,30.0,64.3,12.7,30.4,0.0,2017,1,2,27
2017-02-28,49.9,46.5,88.4,6.4,30.3,0.0,2017,1,2,28
2017-01-03,51.5,50.2,95.7,11.4,29.7,0.0,2017,1,1,3
2017-02-03,48.9,22.7,37.7,25.7,29.7,0.01,2017,1,2,3
2017-03-03,34.8,7.8,33.3,18.2,30.2,0.0,2017,1,3,3
2017-04-03,25.5,-2.0,31.1,20.8,30.5,0.0,2017,2,4,3
2017-05-03,25.6,-9.1,22.8,14.2,30.6,0.0,2017,2,5,3
2017-06-03,34.0,10.7,40.2,8.0,30.5,0.0,2017,2,6,3
2017-07-03,46.3,41.1,82.4,11.5,30.3,0.0,2017,3,7,3
2017-08-03,51.9,35.9,59.6,16.8,29.9,0.16,2017,3,8,3
2017-09-03,55.6,20.4,27.0,19.4,29.9,0.0,2017,3,9,3
2017-10-03,36.1,22.9,62.9,16.6,29.9,0.0,2017,4,10,3
2017-11-03,23.5,3.9,43.2,18.9,30.1,0.26,2017,4,11,3
2017-12-03,25.7,3.5,39.0,18.4,30.3,0.0,2017,4,12,3
2017-03-13,27.7,9.0,46.0,9.2,30.4,0.0,2017,1,3,13
2017-03-14,31.4,26.8,83.7,23.3,29.6,0.54,2017,1,3,14
2017-03-15,24.9,9.7,52.7,21.3,29.6,1.09,2017,1,3,15
2017-03-16,32.2,11.0,42.3,17.5,30.0,0.0,2017,1,3,16
2017-03-17,36.9,18.5,48.4,13.8,30.2,0.0,2017,1,3,17
2017-03-18,35.9,28.3,75.3,10.9,30.2,0.0,2017,1,3,18
2017-03-19,40.5,23.2,52.9,14.8,30.1,0.07,2017,1,3,19
2017-03-20,44.5,16.3,33.6,12.7,30.1,0.0,2017,1,3,20
2017-03-21,49.6,29.0,45.8,9.3,29.9,0.0,2017,1,3,21
2017-03-22,37.3,5.8,27.8,23.2,30.1,0.0,2017,1,3,22
2017-03-23,33.1,6.4,36.3,12.0,30.5,0.0,2017,1,3,23
2017-03-24,41.6,32.8,71.1,13.8,30.3,0.0,2017,1,3,24
2017-03-25,50.6,41.2,71.3,9.2,30.2,0.0,2017,1,3,25
2017-03-26,41.0,36.7,85.3,12.1,30.4,0.13,2017,1,3,26
2017-03-27,47.2,45.0,92.7,6.2,30.1,0.04,2017,1,3,27
2017-03-28,45.6,44.2,95.2,8.4,29.9,0.3,2017,1,3,28
2017-03-29,50.0,34.7,59.9,15.7,30.1,0.8,2017,1,3,29
2017-03-30,42.5,26.3,53.8,9.6,30.2,0.0,2017,1,3,30
2017-03-31,40.6,38.6,92.9,16.9,29.9,0.56,2017,1,3,31
2017-01-04,42.1,36.6,81.6,17.3,29.8,1.53,2017,1,1,4
2017-02-04,52.3,31.0,47.4,12.7,30.1,0.0,2017,1,2,4
2017-03-04,51.2,36.1,58.1,8.3,30.1,0.0,2017,1,3,4
2017-04-04,50.0,48.7,95.3,11.1,29.6,1.03,2017,2,4,4
2017-05-04,47.7,45.7,93.3,7.4,29.9,0.05,2017,2,5,4
2017-06-04,47.7,46.1,94.4,15.5,29.5,0.13,2017,2,6,4
2017-07-04,46.7,35.0,64.4,20.2,29.4,0.83,2017,3,7,4
2017-08-04,48.6,23.1,38.2,17.5,29.8,0.0,2017,3,8,4
2017-09-04,50.7,30.6,47.8,10.6,30.1,0.0,2017,3,9,4
2017-10-04,53.2,44.1,72.2,11.3,30.2,0.0,2017,4,10,4
2017-11-04,55.9,49.9,81.3,6.9,30.1,0.0,2017,4,11,4
2017-12-04,60.6,52.6,76.8,6.5,30.1,0.0,2017,4,12,4
2017-04-13,56.4,34.2,44.7,12.6,30.3,0.05,2017,2,4,13
2017-04-14,53.0,34.8,51.7,7.5,30.4,0.0,2017,2,4,14
2017-04-15,52.0,45.9,80.0,11.3,30.3,0.0,2017,2,4,15
2017-04-16,68.7,56.7,68.8,13.6,29.9,0.0,2017,2,4,16
2017-04-17,68.3,43.3,45.7,15.2,30.0,0.01,2017,2,4,17
2017-04-18,54.0,36.9,54.7,12.8,30.4,0.0,2017,2,4,18
2017-04-19,47.9,41.5,78.9,12.7,30.4,0.0,2017,2,4,19
2017-04-20,54.9,50.4,85.1,6.0,30.1,0.11,2017,2,4,20
2017-04-21,52.0,49.7,92.2,9.9,29.9,0.07,2017,2,4,21
2017-04-22,53.2,49.0,86.0,7.5,29.9,0.02,2017,2,4,22
2017-04-23,52.4,40.6,65.6,11.5,30.1,0.11,2017,2,4,23
2017-04-24,51.8,44.3,77.0,7.1,30.1,0.0,2017,2,4,24
2017-04-25,54.0,51.9,92.5,16.7,30.0,0.19,2017,2,4,25
2017-04-26,57.8,55.7,92.8,9.6,29.8,1.14,2017,2,4,26
2017-04-27,59.2,57.8,95.3,7.4,29.9,0.15,2017,2,4,27
2017-04-28,62.1,57.4,85.8,6.5,29.9,0.0,2017,2,4,28
2017-04-29,70.1,60.3,74.2,11.6,30.0,0.16,2017,2,4,29
2017-04-30,57.9,43.8,60.9,13.8,30.2,0.0,2017,2,4,30
2017-01-05,57.8,54.7,90.0,12.4,29.9,0.0,2017,1,1,5
2017-02-05,66.2,52.0,67.1,18.5,29.6,0.02,2017,1,2,5
2017-03-05,62.1,34.5,36.0,17.6,29.9,0.0,2017,1,3,5
2017-04-05,53.8,36.4,54.0,11.0,30.2,0.0,2017,2,4,5
2017-05-05,56.7,54.1,91.0,16.0,29.7,0.01,2017,2,5,5
2017-06-05,58.2,50.2,77.5,19.1,29.4,1.77,2017,2,6,5
2017-07-05,53.2,42.6,67.5,15.9,29.6,0.05,2017,3,7,5
2017-08-05,53.3,32.7,47.6,12.4,29.9,0.0,2017,3,8,5
2017-09-05,53.0,39.5,62.4,8.2,29.9,0.0,2017,3,9,5
2017-10-05,54.2,43.3,68.1,5.9,30.0,0.0,2017,4,10,5
2017-11-05,54.4,41.1,62.2,6.2,30.0,0.0,2017,4,11,5
2017-12-05,53.4,45.0,74.1,8.3,30.1,0.0,2017,4,12,5
2017-05-13,50.2,48.6,94.4,13.4,29.9,0.11,2017,2,5,13
2017-05-14,57.1,46.4,69.6,16.7,29.6,1.54,2017,2,5,14
2017-05-15,62.1,43.3,51.5,20.8,29.7,0.01,2017,2,5,15
2017-05-16,65.5,49.6,57.7,11.7,30.0,0.0,2017,2,5,16
2017-05-17,68.4,59.7,74.3,9.8,30.0,0.0,2017,2,5,17
2017-05-18,75.0,64.5,70.8,10.9,29.9,0.0,2017,2,5,18
2017-05-19,80.3,64.2,60.5,12.9,29.9,0.0,2017,2,5,19
2017-05-20,60.3,45.6,58.9,10.9,30.2,0.0,2017,2,5,20
2017-05-21,57.9,41.9,58.4,8.5,30.3,0.0,2017,2,5,21
2017-05-22,58.5,56.7,94.1,8.8,30.1,0.01,2017,2,5,22
2017-05-23,62.3,54.3,76.9,7.2,29.9,0.64,2017,2,5,23
2017-05-24,61.5,54.8,79.2,8.9,29.8,0.02,2017,2,5,24
2017-05-25,58.3,57.7,97.8,13.6,29.6,0.25,2017,2,5,25
2017-05-26,64.7,57.1,79.4,12.2,29.6,1.08,2017,2,5,26
2017-05-27,65.6,56.8,73.5,9.3,29.9,0.0,2017,2,5,27
2017-05-28,62.1,57.3,84.8,8.3,29.9,0.0,2017,2,5,28
2017-05-29,58.3,55.4,90.3,8.3,30.0,0.26,2017,2,5,29
2017-05-30,57.3,55.7,94.5,9.9,30.1,0.03,2017,2,5,30
2017-05-31,63.3,61.5,94.2,6.3,30.0,0.03,2017,2,5,31
2017-01-06,68.7,56.9,72.1,9.2,29.9,0.0,2017,1,1,6
2017-02-06,67.4,46.4,49.4,12.4,29.9,0.0,2017,1,2,6
2017-03-06,66.4,43.2,45.8,11.5,30.0,0.0,2017,1,3,6
2017-04-06,63.6,49.5,61.8,6.4,30.0,0.02,2017,2,4,6
2017-05-06,64.5,63.1,95.2,8.2,29.8,0.49,2017,2,5,6
2017-06-06,56.8,53.9,90.3,11.6,29.8,0.0,2017,2,6,6
2017-07-06,59.4,50.8,74.0,9.4,30.0,0.05,2017,3,7,6
2017-08-06,60.9,50.3,69.6,6.0,30.0,0.0,2017,3,8,6
2017-09-06,69.6,50.1,53.8,9.3,29.8,0.0,2017,3,9,6
2017-10-06,72.2,59.9,66.5,11.3,30.0,0.0,2017,4,10,6
2017-11-06,75.7,65.7,71.8,10.6,30.0,0.0,2017,4,11,6
2017-12-06,80.8,66.5,63.3,11.0,30.0,0.0,2017,4,12,6
2017-06-13,82.5,68.2,63.1,9.8,29.9,0.0,2017,2,6,13
2017-06-14,72.9,64.8,77.0,7.6,30.0,0.1,2017,2,6,14
2017-06-15,67.0,58.3,74.8,9.5,30.0,0.2,2017,2,6,15
2017-06-16,66.1,64.5,94.6,8.5,30.0,0.0,2017,2,6,16
2017-06-17,68.7,68.3,98.4,6.1,29.9,0.03,2017,2,6,17
2017-06-18,73.3,71.5,94.2,15.6,29.9,0.34,2017,2,6,18
2017-06-19,72.5,70.8,94.6,17.4,29.8,0.0,2017,2,6,19
2017-06-20,75.1,64.1,73.1,13.3,29.9,1.13,2017,2,6,20
2017-06-21,77.0,64.5,67.8,11.7,29.9,0.0,2017,2,6,21
2017-06-22,73.7,63.9,72.9,8.7,30.0,0.0,2017,2,6,22
2017-06-23,75.2,71.5,88.7,11.8,29.8,0.0,2017,2,6,23
2017-06-24,76.6,67.4,78.2,10.7,29.7,1.52,2017,2,6,24
2017-06-25,75.5,61.4,63.0,9.6,29.9,0.21,2017,2,6,25
2017-06-26,71.9,55.0,56.3,12.2,30.0,0.0,2017,2,6,26
2017-06-27,70.0,57.7,66.4,8.8,30.0,0.11,2017,2,6,27
2017-06-28,71.0,53.5,55.8,12.1,30.1,0.0,2017,2,6,28
2017-06-29,71.0,62.9,75.6,16.7,30.1,0.0,2017,2,6,29
2017-06-30,73.0,66.3,79.8,14.7,30.0,0.0,2017,2,6,30
2017-01-07,71.0,69.3,94.4,13.7,29.9,0.0,2017,1,1,7
2017-02-07,77.8,68.7,76.3,10.2,29.9,0.53,2017,1,2,7
2017-03-07,79.4,66.3,66.9,8.3,30.0,0.0,2017,1,3,7
2017-04-07,77.0,59.5,56.7,6.4,30.1,0.0,2017,2,4,7
2017-05-07,75.9,60.8,60.5,8.9,30.2,0.0,2017,2,5,7
2017-06-07,72.5,65.5,79.2,8.4,30.1,0.0,2017,2,6,7
2017-07-07,73.4,70.8,92.0,9.7,29.8,0.03,2017,3,7,7
2017-08-07,78.2,67.7,72.4,10.9,29.8,1.89,2017,3,8,7
2017-09-07,75.5,58.3,57.0,11.7,30.0,0.0,2017,3,9,7
2017-10-07,75.3,66.6,75.9,12.6,30.0,0.0,2017,4,10,7
2017-11-07,78.1,73.3,86.2,10.1,29.9,0.0,2017,4,11,7
2017-12-07,83.0,72.7,72.7,13.2,30.0,0.16,2017,4,12,7
2017-07-13,81.7,73.5,77.8,10.9,30.0,0.01,2017,3,7,13
2017-07-14,68.4,67.8,97.9,9.3,30.0,0.04,2017,3,7,14
2017-07-15,74.1,70.4,88.9,6.0,29.9,0.21,2017,3,7,15
2017-07-16,77.0,65.7,68.7,8.4,30.0,0.0,2017,3,7,16
2017-07-17,77.2,72.1,84.7,9.4,30.0,0.0,2017,3,7,17
2017-07-18,78.3,73.7,86.0,9.1,30.1,0.0,2017,3,7,18
2017-07-19,80.9,74.8,82.7,11.6,30.0,0.0,2017,3,7,19
2017-07-20,84.5,74.4,72.9,9.5,29.9,0.0,2017,3,7,20
2017-07-21,85.6,68.8,59.5,10.8,29.9,0.0,2017,3,7,21
2017-07-22,82.4,70.1,68.0,7.8,29.8,0.0,2017,3,7,22
2017-07-23,74.7,70.3,87.1,7.6,29.8,0.99,2017,3,7,23
2017-07-24,68.7,65.3,89.4,12.6,29.8,0.41,2017,3,7,24
2017-07-25,67.2,60.9,80.6,7.4,30.1,0.37,2017,3,7,25
2017-07-26,69.6,59.3,70.5,7.8,30.2,0.0,2017,3,7,26
2017-07-27,72.7,67.0,82.6,10.1,30.0,0.0,2017,3,7,27
2017-07-28,76.7,71.9,85.5,6.3,29.8,0.0,2017,3,7,28
2017-07-29,71.9,58.2,62.4,16.0,29.8,0.0,2017,3,7,29
2017-07-30,71.8,54.7,56.9,9.3,30.0,0.0,2017,3,7,30
2017-07-31,75.9,61.3,61.8,8.6,30.0,0.0,2017,3,7,31
2017-01-08,78.7,67.6,70.9,8.2,30.0,0.0,2017,1,1,8
2017-02-08,76.1,70.3,82.9,8.8,30.1,0.0,2017,1,2,8
2017-03-08,76.1,70.0,82.0,7.3,30.1,0.01,2017,1,3,8
2017-04-08,76.5,72.9,89.3,10.9,30.0,0.01,2017,2,4,8
2017-05-08,75.8,66.7,76.7,12.7,29.9,0.32,2017,2,5,8
2017-06-08,72.4,53.3,51.5,12.6,30.1,0.0,2017,2,6,8
2017-07-08,69.0,65.1,87.7,7.0,30.0,0.0,2017,3,7,8
2017-08-08,71.8,64.3,79.9,8.5,29.9,0.39,2017,3,8,8
2017-09-08,74.5,61.1,65.0,7.6,30.2,0.0,2017,3,9,8
2017-10-08,74.1,65.5,75.3,7.0,30.2,0.0,2017,4,10,8
2017-11-08,74.2,63.8,70.8,10.0,30.1,0.0,2017,4,11,8
2017-12-08,71.6,68.8,90.8,7.5,29.9,0.17,2017,4,12,8
2017-08-13,78.2,65.7,69.2,8.0,29.9,0.04,2017,3,8,13
2017-08-14,75.2,66.5,75.5,7.1,30.0,0.0,2017,3,8,14
2017-08-15,72.5,71.3,95.7,6.0,29.9,0.26,2017,3,8,15
2017-08-16,76.8,68.8,79.8,6.7,29.9,0.18,2017,3,8,16
2017-08-17,74.8,65.4,74.0,8.5,30.0,0.0,2017,3,8,17
2017-08-18,76.1,75.9,99.4,13.6,29.9,0.0,2017,3,8,18
2017-08-19,79.0,70.5,77.3,10.3,29.8,0.27,2017,3,8,19
2017-08-20,78.4,61.2,56.9,11.8,30.0,0.0,2017,3,8,20
2017-08-21,77.3,68.7,75.5,10.3,30.1,0.0,2017,3,8,21
2017-08-22,78.3,75.3,90.5,14.4,29.9,0.0,2017,3,8,22
2017-08-23,77.0,63.1,67.8,10.9,29.8,0.23,2017,3,8,23
2017-08-24,73.8,54.4,53.5,8.1,29.9,0.0,2017,3,8,24
2017-08-25,71.1,55.8,59.0,6.8,30.1,0.0,2017,3,8,25
2017-08-26,70.0,52.4,55.9,6.5,30.2,0.0,2017,3,8,26
2017-08-27,68.7,54.8,63.4,7.2,30.3,0.0,2017,3,8,27
2017-08-28,68.3,55.1,64.8,10.5,30.3,0.0,2017,3,8,28
2017-08-29,64.4,59.7,85.2,11.6,30.1,0.0,2017,3,8,29
2017-08-30,68.7,58.0,72.4,13.2,29.9,0.62,2017,3,8,30
2017-08-31,73.7,58.8,61.2,13.3,29.9,0.0,2017,3,8,31
2017-01-09,65.2,41.4,43.7,11.0,30.1,0.0,2017,1,1,9
2017-02-09,61.3,50.9,70.2,9.8,30.2,0.0,2017,1,2,9
2017-03-09,65.2,60.5,86.4,13.9,29.9,0.7,2017,1,3,9
2017-04-09,70.5,60.0,70.1,13.7,29.9,0.3,2017,2,4,9
2017-05-09,74.4,66.9,77.9,14.0,29.8,0.0,2017,2,5,9
2017-06-09,67.8,62.8,83.8,8.0,29.9,0.0,2017,2,6,9
2017-07-09,66.9,55.3,68.7,13.0,29.9,0.5,2017,3,7,9
2017-08-09,66.8,49.7,55.4,11.8,30.1,0.0,2017,3,8,9
2017-09-09,63.8,48.2,58.2,11.7,30.2,0.0,2017,3,9,9
2017-10-09,65.8,49.8,58.3,10.5,30.3,0.0,2017,4,10,9
2017-11-09,68.1,46.9,49.4,6.5,30.2,0.0,2017,4,11,9
2017-12-09,69.3,57.0,66.1,6.0,30.0,0.0,2017,4,12,9
2017-09-13,70.5,63.3,79.8,8.2,29.9,0.0,2017,3,9,13
2017-09-14,71.1,68.6,92.2,7.2,29.9,0.4,2017,3,9,14
2017-09-15,73.3,66.0,79.0,6.6,30.0,0.0,2017,3,9,15
2017-09-16,72.2,68.3,88.1,5.7,30.1,0.0,2017,3,9,16
2017-09-17,71.0,65.9,84.3,4.6,30.1,0.0,2017,3,9,17
2017-09-18,71.4,65.9,82.8,9.1,30.1,0.0,2017,3,9,18
2017-09-19,71.8,65.7,81.5,19.1,29.9,0.01,2017,3,9,19
2017-09-20,75.4,64.5,69.2,17.2,29.9,0.25,2017,3,9,20
2017-09-21,76.0,63.0,64.4,13.5,30.0,0.0,2017,3,9,21
2017-09-22,74.7,52.6,46.3,17.7,30.0,0.0,2017,3,9,22
2017-09-23,77.4,55.7,48.4,12.1,30.0,0.0,2017,3,9,23
2017-09-24,76.3,61.8,62.5,5.6,30.1,0.0,2017,3,9,24
2017-09-25,73.4,59.2,66.1,5.4,30.0,0.0,2017,3,9,25
2017-09-26,70.4,66.8,88.6,5.9,30.0,0.0,2017,3,9,26
2017-09-27,75.9,70.3,83.5,7.4,29.9,0.0,2017,3,9,27
2017-09-28,73.0,59.4,66.1,15.8,29.8,0.0,2017,3,9,28
2017-09-29,61.6,44.3,53.8,7.8,30.0,0.0,2017,3,9,29
2017-09-30,59.8,50.0,70.5,13.8,30.1,0.0,2017,3,9,30
2017-01-10,59.3,46.5,64.5,7.5,30.3,0.04,2017,1,1,10
2017-02-10,61.2,46.6,60.7,6.9,30.4,0.0,2017,1,2,10
2017-03-10,59.5,50.0,72.5,7.9,30.6,0.0,2017,1,3,10
2017-04-10,63.8,56.7,78.3,11.8,30.4,0.0,2017,2,4,10
2017-05-10,71.0,61.4,72.8,12.4,30.1,0.0,2017,2,5,10
2017-06-10,71.1,65.3,83.3,7.6,30.1,0.0,2017,2,6,10
2017-07-10,70.0,67.2,91.3,10.1,30.1,0.0,2017,3,7,10
2017-08-10,71.3,70.3,96.4,14.3,30.0,0.0,2017,3,8,10
2017-09-10,71.2,70.9,99.1,16.7,29.9,0.05,2017,3,9,10
2017-10-10,73.2,63.9,74.4,8.1,30.0,0.33,2017,4,10,10
2017-11-10,67.1,60.4,80.0,9.0,30.1,0.0,2017,4,11,10
2017-12-10,59.6,49.1,69.8,15.6,30.3,0.1,2017,4,12,10
2017-10-13,60.0,53.0,78.1,12.1,30.4,0.0,2017,4,10,13
2017-10-14,66.7,63.3,89.3,6.8,30.2,0.01,2017,4,10,14
2017-10-15,67.9,65.7,93.1,10.4,30.0,0.0,2017,4,10,15
2017-10-16,59.4,46.3,62.9,16.4,30.0,0.01,2017,4,10,16
2017-10-17,51.0,34.8,55.4,10.5,30.3,0.0,2017,4,10,17
2017-10-18,59.5,46.3,63.2,10.7,30.3,0.0,2017,4,10,18
2017-10-19,60.9,51.2,71.9,10.8,30.2,0.0,2017,4,10,19
2017-10-20,65.5,38.8,43.2,10.8,30.1,0.0,2017,4,10,20
2017-10-21,62.4,46.3,58.4,6.2,30.3,0.0,2017,4,10,21
2017-10-22,61.2,53.8,78.6,4.5,30.4,0.0,2017,4,10,22
2017-10-23,65.0,62.2,92.0,11.8,30.2,0.0,2017,4,10,23
2017-10-24,67.8,66.9,96.7,22.0,29.8,0.0,2017,4,10,24
2017-10-25,62.1,54.0,77.0,6.2,29.7,0.51,2017,4,10,25
2017-10-26,55.3,40.8,58.8,14.4,29.7,0.0,2017,4,10,26
2017-10-27,54.5,41.8,63.1,9.5,30.1,0.0,2017,4,10,27
2017-10-28,60.9,55.0,81.8,11.8,30.0,0.0,2017,4,10,28
2017-10-29,63.1,62.8,99.0,17.9,29.6,0.06,2017,4,10,29
2017-10-30,54.8,44.6,71.1,19.1,29.4,3.13,2017,4,10,30
2017-10-31,52.5,34.4,52.2,15.6,30.1,0.01,2017,4,10,31
2017-01-11,50.8,39.8,67.1,5.8,30.3,0.0,2017,1,1,11
2017-02-11,63.0,61.7,95.9,8.3,30.2,0.0,2017,1,2,11
2017-03-11,62.7,57.2,83.6,10.5,30.1,0.0,2017,1,3,11
2017-04-11,51.0,38.7,63.8,8.7,30.3,0.0,2017,2,4,11
2017-05-11,57.3,56.0,95.2,8.7,30.2,0.03,2017,2,5,11
2017-06-11,60.0,57.4,91.9,12.0,30.0,0.02,2017,2,6,11
2017-07-11,44.7,38.4,79.4,12.2,30.2,0.0,2017,3,7,11
2017-08-11,44.3,38.0,79.3,11.5,30.2,0.78,2017,3,8,11
2017-09-11,48.1,41.1,77.5,6.5,30.1,0.0,2017,3,9,11
2017-10-11,39.7,22.9,54.8,20.6,30.2,0.0,2017,4,10,11
2017-11-11,30.8,11.5,46.0,9.1,30.5,0.0,2017,4,11,11
2017-12-11,37.9,25.0,60.8,4.1,30.5,0.0,2017,4,12,11
2017-11-13,43.3,36.9,78.2,8.9,30.3,0.0,2017,4,11,13
2017-11-14,41.6,34.5,75.8,9.7,30.3,0.03,2017,4,11,14
2017-11-15,44.6,35.6,71.3,8.8,30.2,0.0,2017,4,11,15
2017-11-16,51.9,43.6,74.8,16.6,29.9,0.01,2017,4,11,16
2017-11-17,43.3,23.0,46.4,18.0,30.0,0.12,2017,4,11,17
2017-11-18,45.0,35.7,71.4,12.8,29.8,0.0,2017,4,11,18
2017-11-19,51.4,39.8,67.1,22.1,29.5,0.43,2017,4,11,19
2017-11-20,42.3,25.8,52.9,17.5,30.0,0.02,2017,4,11,20
2017-11-21,48.8,37.3,65.4,15.0,30.1,0.0,2017,4,11,21
2017-11-22,48.4,41.5,78.8,10.9,29.9,0.11,2017,4,11,22
2017-11-23,36.7,21.1,53.8,10.3,30.1,0.24,2017,4,11,23
2017-11-24,41.0,27.7,60.1,7.9,30.0,0.0,2017,4,11,24
2017-11-25,46.9,38.4,73.3,9.6,29.8,0.0,2017,4,11,25
2017-11-26,45.9,28.7,51.6,15.3,29.9,0.0,2017,4,11,26
2017-11-27,44.4,25.8,49.0,13.7,30.1,0.0,2017,4,11,27
2017-11-28,43.6,35.2,72.9,9.9,30.4,0.0,2017,4,11,28
2017-11-29,51.7,36.3,62.4,14.3,30.1,0.0,2017,4,11,29
2017-11-30,44.4,35.8,72.5,7.2,30.2,0.0,2017,4,11,30
2017-01-12,47.9,36.6,66.8,10.4,30.1,0.02,2017,1,1,12
2017-02-12,41.4,31.6,69.2,4.5,30.3,0.0,2017,1,2,12
2017-03-12,43.3,37.6,80.4,5.3,30.2,0.0,2017,1,3,12
2017-04-12,44.6,38.9,81.3,7.4,30.4,0.0,2017,2,4,12
2017-05-12,54.2,51.1,89.7,19.6,30.1,0.0,2017,2,5,12
2017-06-12,47.1,33.2,62.5,15.5,29.9,0.31,2017,2,6,12
2017-07-12,41.6,22.7,47.8,16.3,30.0,0.0,2017,3,7,12
2017-08-12,36.9,19.7,49.8,9.6,30.1,0.0,2017,3,8,12
2017-09-12,33.3,25.8,77.4,9.3,29.9,0.0,2017,3,9,12
2017-10-12,34.2,25.4,71.3,15.2,29.9,0.33,2017,4,10,12
2017-11-12,36.6,25.4,64.6,11.9,30.0,0.0,2017,4,11,12
2017-12-12,44.1,34.2,68.3,18.8,29.6,0.0,2017,4,12,12
2017-12-13,26.6,6.3,42.6,24.1,29.6,0.0,2017,4,12,13
2017-12-14,26.5,18.3,73.9,11.5,29.7,0.04,2017,4,12,14
2017-12-15,24.4,16.7,73.8,6.7,30.0,0.02,2017,4,12,15
2017-12-16,32.1,22.6,68.3,15.5,30.0,0.1,2017,4,12,16
2017-12-17,33.9,23.7,66.3,5.1,30.3,0.0,2017,4,12,17
2017-12-18,39.2,33.4,80.3,7.5,30.1,0.02,2017,4,12,18
2017-12-19,47.5,38.2,70.8,13.9,29.9,0.0,2017,4,12,19
2017-12-20,43.3,22.8,45.4,16.2,29.9,0.0,2017,4,12,20
2017-12-21,35.5,18.2,49.8,8.1,30.2,0.0,2017,4,12,21
2017-12-22,42.2,34.6,75.9,6.8,30.2,0.0,2017,4,12,22
2017-12-23,45.9,44.9,96.5,10.6,29.9,0.04,2017,4,12,23
2017-12-24,38.5,29.1,69.8,13.1,30.1,0.58,2017,4,12,24
2017-12-25,35.5,23.7,66.8,22.0,29.9,0.17,2017,4,12,25
2017-12-26,26.4,2.4,36.0,17.7,30.4,0.0,2017,4,12,26
2017-12-27,21.8,0.8,40.4,13.1,30.5,0.0,2017,4,12,27
2017-12-28,15.8,-4.5,41.2,19.8,30.5,0.0,2017,4,12,28
2017-12-29,16.7,0.7,49.9,12.3,30.3,0.0,2017,4,12,29
2017-12-30,20.6,12.4,71.9,9.7,30.1,0.0,2017,4,12,30
2017-12-31,15.0,0.7,53.4,18.3,30.2,0.03,2017,4,12,31
2018-01-01,13.2,-3.4,48.6,17.7,30.4,0.0,2018,1,1,1
2018-02-01,19.0,4.6,53.8,15.7,30.4,0.0,2018,1,2,1
2018-03-01,22.0,5.1,48.9,8.3,30.3,0.0,2018,1,3,1
2018-04-01,24.2,19.4,82.8,27.5,29.5,0.04,2018,2,4,1
2018-05-01,13.5,-2.2,50.6,25.2,29.8,0.45,2018,2,5,1
2018-06-01,10.3,-8.0,44.0,22.6,30.2,0.0,2018,2,6,1
2018-07-01,11.0,-2.4,55.0,13.8,30.5,0.0,2018,3,7,1
2018-08-01,25.6,15.8,66.7,13.5,30.2,0.0,2018,3,8,1
2018-09-01,34.9,23.7,65.3,13.8,30.2,0.02,2018,3,9,1
2018-10-01,32.3,24.3,73.3,5.0,30.4,0.0,2018,4,10,1
2018-11-01,42.1,40.4,93.8,3.0,30.4,0.0,2018,4,11,1
2018-12-01,48.7,48.7,100.0,15.5,29.9,0.01,2018,4,12,1
2018-01-13,37.6,30.3,76.9,20.7,29.8,0.52,2018,1,1,13
2018-01-14,19.2,0.5,45.6,15.8,30.6,0.0,2018,1,1,14
2018-01-15,22.5,13.4,68.3,12.3,30.6,0.0,2018,1,1,15
2018-01-16,30.8,26.5,84.1,6.3,30.5,0.0,2018,1,1,16
2018-01-17,33.2,30.0,88.8,11.7,30.2,0.07,2018,1,1,17
2018-01-18,26.3,10.9,53.3,14.8,30.0,0.15,2018,1,1,18
2018-01-19,31.0,17.3,57.5,10.3,30.0,0.0,2018,1,1,19
2018-01-20,41.4,26.0,56.2,13.3,29.9,0.0,2018,1,1,20
2018-01-21,41.1,31.0,69.0,7.3,30.1,0.0,2018,1,1,21
2018-01-22,44.0,40.5,88.1,5.3,30.1,0.0,2018,1,1,22
2018-01-23,47.1,44.8,93.4,14.9,29.8,0.01,2018,1,1,23
2018-01-24,38.7,23.5,55.0,17.5,29.9,0.21,2018,1,1,24
2018-01-25,28.6,5.1,39.5,15.8,30.4,0.0,2018,1,1,25
2018-01-26,30.5,11.4,46.7,8.3,30.7,0.0,2018,1,1,26
2018-01-27,40.1,35.1,82.8,11.7,30.4,0.0,2018,1,1,27
2018-01-28,47.0,44.1,90.0,5.6,30.2,0.13,2018,1,1,28
2018-01-29,41.0,31.1,68.2,14.6,30.1,0.13,2018,1,1,29
2018-01-30,30.9,25.3,80.8,14.0,30.0,0.07,2018,1,1,30
2018-01-31,25.8,10.8,53.9,14.3,30.2,0.0,2018,1,1,31
2018-01-02,37.0,28.9,73.4,8.6,30.0,0.0,2018,1,1,2
2018-02-02,29.1,16.2,62.0,19.3,30.0,0.26,2018,1,2,2
2018-03-02,23.6,5.9,47.0,15.9,30.4,0.0,2018,1,3,2
2018-04-02,39.6,32.9,78.6,9.7,30.1,0.0,2018,2,4,2
2018-05-02,34.1,21.6,64.3,16.0,29.9,0.96,2018,2,5,2
2018-06-02,30.8,18.5,60.3,5.5,30.4,0.0,2018,2,6,2
2018-07-02,34.9,31.6,88.6,11.4,30.2,0.0,2018,3,7,2
2018-08-02,30.5,16.1,56.0,14.0,30.3,0.84,2018,3,8,2
2018-09-02,30.8,19.2,62.8,10.1,30.5,0.0,2018,3,9,2
2018-10-02,43.6,41.4,92.2,4.8,30.2,0.0,2018,4,10,2
2018-11-02,47.5,47.5,100.0,8.8,30.0,0.64,2018,4,11,2
2018-12-02,44.8,33.9,69.9,13.0,30.2,0.76,2018,4,12,2
2018-02-13,31.1,16.1,55.6,10.7,30.7,0.0,2018,1,2,13
2018-02-14,39.5,33.3,79.4,8.8,30.3,0.0,2018,1,2,14
2018-02-15,45.6,44.7,96.8,6.3,29.9,0.1,2018,1,2,15
2018-02-16,50.1,45.7,86.2,11.7,29.7,0.18,2018,1,2,16
2018-02-17,33.6,23.6,69.5,9.9,30.3,0.04,2018,1,2,17
2018-02-18,37.3,27.8,71.4,10.7,30.2,0.5,2018,1,2,18
2018-02-19,41.3,38.5,90.5,8.3,30.4,0.0,2018,1,2,19
2018-02-20,49.8,48.3,94.9,7.5,30.3,0.01,2018,1,2,20
2018-02-21,51.1,49.1,93.6,8.6,30.3,0.0,2018,1,2,21
2018-02-22,44.0,36.7,77.2,13.9,30.6,0.03,2018,1,2,22
2018-02-23,38.1,36.3,93.5,8.7,30.5,0.11,2018,1,2,23
2018-02-24,46.5,43.0,88.9,9.6,30.2,0.12,2018,1,2,24
2018-02-25,43.1,41.6,94.8,12.2,30.1,0.67,2018,1,2,25
2018-02-26,45.0,34.4,69.9,8.8,30.1,0.71,2018,1,2,26
2018-02-27,44.2,25.2,49.2,11.5,30.3,0.0,2018,1,2,27
2018-02-28,43.9,34.3,70.1,9.0,30.1,0.0,2018,1,2,28
2018-01-03,49.3,41.4,75.1,9.0,29.8,0.0,2018,1,1,3
2018-02-03,38.6,35.7,89.8,29.3,29.4,1.74,2018,1,2,3
2018-03-03,41.3,29.2,62.4,28.9,29.9,0.99,2018,1,3,3
2018-04-03,40.1,24.9,55.2,21.6,30.1,0.0,2018,2,4,3
2018-05-03,36.8,24.0,60.0,19.9,30.0,0.0,2018,2,5,3
2018-06-03,37.6,26.8,65.9,10.3,30.0,0.0,2018,2,6,3
2018-07-03,34.5,33.4,95.9,18.9,29.7,0.14,2018,3,7,3
2018-08-03,36.6,27.6,70.8,15.6,29.7,0.88,2018,3,8,3
2018-09-03,35.9,22.8,59.6,18.5,29.8,0.0,2018,3,9,3
2018-10-03,36.4,19.9,52.1,16.3,29.9,0.0,2018,4,10,3
2018-11-03,37.9,21.3,52.3,12.1,30.1,0.0,2018,4,11,3
2018-12-03,37.5,27.4,68.2,13.7,29.9,0.0,2018,4,12,3
2018-03-13,35.2,29.6,82.2,19.8,29.6,0.13,2018,1,3,13
2018-03-14,35.4,22.2,59.7,22.5,29.6,0.11,2018,1,3,14
2018-03-15,38.7,21.7,52.1,20.0,29.6,0.0,2018,1,3,15
2018-03-16,35.6,18.3,50.8,20.4,29.8,0.0,2018,1,3,16
2018-03-17,37.5,12.5,37.5,17.3,29.8,0.0,2018,1,3,17
2018-03-18,35.5,8.0,35.8,13.0,29.9,0.0,2018,1,3,18
2018-03-19,38.0,15.0,43.6,7.2,29.9,0.0,2018,1,3,19
2018-03-20,34.3,15.4,46.5,12.0,29.9,0.0,2018,1,3,20
2018-03-21,33.0,27.4,82.5,18.7,29.7,0.04,2018,1,3,21
2018-03-22,38.4,27.2,68.4,17.7,29.8,0.9,2018,1,3,22
2018-03-23,41.0,23.5,50.4,12.1,30.0,0.0,2018,1,3,23
2018-03-24,42.8,19.0,40.2,13.2,30.1,0.0,2018,1,3,24
2018-03-25,38.6,24.0,56.5,13.5,30.4,0.0,2018,1,3,25
2018-03-26,37.1,24.4,61.6,9.3,30.7,0.0,2018,1,3,26
2018-03-27,36.6,26.0,66.5,6.1,30.5,0.0,2018,1,3,27
2018-03-28,41.7,38.4,88.5,7.9,30.1,0.03,2018,1,3,28
2018-03-29,46.4,45.3,96.0,5.7,30.0,0.0,2018,1,3,29
2018-03-30,49.6,45.4,86.4,12.6,29.8,0.03,2018,1,3,30
2018-03-31,44.0,26.7,52.8,16.0,30.2,0.09,2018,1,3,31
2018-01-04,49.5,34.1,58.1,13.3,30.0,0.0,2018,1,1,4
2018-02-04,36.1,29.8,80.4,9.6,30.1,0.19,2018,1,2,4
2018-03-04,39.8,37.5,91.9,8.9,30.1,0.14,2018,1,3,4
2018-04-04,46.7,39.9,82.8,15.4,29.6,0.15,2018,2,4,4
2018-05-04,39.8,14.4,36.0,18.8,30.1,0.16,2018,2,5,4
2018-06-04,42.0,34.5,76.4,13.0,29.9,0.0,2018,2,6,4
2018-07-04,43.0,22.1,46.4,12.5,29.9,0.08,2018,3,7,4
2018-08-04,37.8,14.3,39.3,17.6,29.9,0.0,2018,3,8,4
2018-09-04,37.6,19.5,49.5,12.8,30.2,0.0,2018,3,9,4
2018-10-04,41.9,29.8,66.3,10.1,30.1,0.01,2018,4,10,4
2018-11-04,41.8,26.8,58.0,10.2,30.2,0.0,2018,4,11,4
2018-12-04,47.8,38.5,70.8,13.5,30.0,0.0,2018,4,12,4
2018-04-13,57.0,45.1,66.3,12.9,29.9,0.0,2018,2,4,13
2018-04-14,53.7,47.5,80.4,13.8,30.0,0.0,2018,2,4,14
2018-04-15,41.0,34.8,79.0,20.3,30.3,0.0,2018,2,4,15
2018-04-16,49.6,46.8,90.9,24.6,29.6,0.99,2018,2,4,16
2018-04-17,43.5,29.9,59.4,17.8,29.7,0.79,2018,2,4,17
2018-04-18,45.0,29.4,55.0,15.4,29.8,0.0,2018,2,4,18
2018-04-19,43.7,35.9,75.6,13.2,29.8,0.06,2018,2,4,19
2018-04-20,43.0,23.7,47.1,19.1,30.2,0.09,2018,2,4,20
2018-04-21,48.0,27.9,48.9,11.7,30.4,0.0,2018,2,4,21
2018-04-22,50.7,26.0,41.1,10.5,30.4,0.0,2018,2,4,22
2018-04-23,49.6,35.9,63.1,8.7,30.4,0.0,2018,2,4,23
2018-04-24,52.3,43.7,74.8,11.7,30.3,0.0,2018,2,4,24
2018-04-25,53.5,53.5,99.8,12.4,29.8,0.32,2018,2,4,25
2018-04-26,59.5,46.3,65.4,11.9,29.7,0.06,2018,2,4,26
2018-04-27,52.1,49.1,90.2,8.2,29.8,0.0,2018,2,4,27
2018-04-28,52.4,49.7,91.3,8.3,29.8,0.12,2018,2,4,28
2018-04-29,52.6,41.4,68.6,14.1,29.9,0.14,2018,2,4,29
2018-04-30,49.2,32.8,54.0,16.2,30.0,0.0,2018,2,4,30
2018-01-05,60.2,37.2,47.8,11.0,30.1,0.0,2018,1,1,5
2018-02-05,68.5,45.2,45.8,11.5,30.0,0.0,2018,1,2,5
2018-03-05,71.0,54.4,56.5,11.5,30.0,0.0,2018,1,3,5
2018-04-05,66.0,58.5,77.7,12.2,29.9,0.0,2018,2,4,5
2018-05-05,64.7,43.9,48.5,14.5,30.0,0.0,2018,2,5,5
2018-06-05,59.9,48.9,68.1,7.6,29.9,0.0,2018,2,6,5
2018-07-05,60.8,51.0,72.3,8.6,30.1,0.0,2018,3,7,5
2018-08-05,58.4,49.7,73.8,7.1,30.2,0.0,2018,3,8,5
2018-09-05,56.0,51.6,86.0,6.3,30.1,0.0,2018,3,9,5
2018-10-05,56.8,54.8,93.3,8.0,29.9,0.0,2018,4,10,5
2018-11-05,66.4,40.9,46.8,11.5,30.0,0.01,2018,4,11,5
2018-12-05,56.1,50.6,84.0,8.5,30.1,0.1,2018,4,12,5
2018-05-13,52.5,50.5,92.9,8.1,30.1,0.15,2018,2,5,13
2018-05-14,56.4,54.5,93.7,7.2,30.0,0.28,2018,2,5,14
2018-05-15,64.8,61.3,89.9,13.3,29.9,0.0,2018,2,5,15
2018-05-16,60.3,58.3,93.5,10.7,30.1,0.44,2018,2,5,16
2018-05-17,60.1,59.2,97.0,5.3,30.0,0.99,2018,2,5,17
2018-05-18,60.4,49.9,71.5,11.5,30.2,0.06,2018,2,5,18
2018-05-19,54.4,52.0,93.0,9.0,30.2,0.19,2018,2,5,19
2018-05-20,68.4,61.5,81.3,11.8,30.0,0.56,2018,2,5,20
2018-05-21,64.5,51.5,64.7,9.8,30.1,0.0,2018,2,5,21
2018-05-22,59.5,55.3,86.7,5.9,30.1,0.0,2018,2,5,22
2018-05-23,67.1,57.1,76.2,8.0,29.9,0.37,2018,2,5,23
2018-05-24,71.4,46.7,44.6,11.4,30.1,0.0,2018,2,5,24
2018-05-25,69.6,58.7,69.3,12.7,30.0,0.0,2018,2,5,25
2018-05-26,73.4,66.6,79.7,8.9,29.8,0.0,2018,2,5,26
2018-05-27,62.0,60.0,93.3,11.5,30.0,0.19,2018,2,5,27
2018-05-28,57.3,54.5,90.6,8.0,30.1,0.7,2018,2,5,28
2018-05-29,67.6,64.7,90.7,7.9,30.0,0.0,2018,2,5,29
2018-05-30,62.0,60.8,96.0,8.2,30.1,0.0,2018,2,5,30
2018-05-31,64.2,62.6,94.8,7.1,30.0,0.0,2018,2,5,31
2018-01-06,67.1,66.6,98.3,5.0,29.8,0.11,2018,1,1,6
2018-02-06,76.1,69.1,80.6,9.4,29.8,1.1,2018,1,2,6
2018-03-06,58.9,52.4,79.4,16.1,30.0,0.0,2018,1,3,6
2018-04-06,57.7,53.7,87.8,9.5,29.8,0.72,2018,2,4,6
2018-05-06,65.7,53.2,67.1,9.7,29.7,0.0,2018,2,5,6
2018-06-06,61.0,52.5,74.9,8.7,29.9,0.0,2018,2,6,6
2018-07-06,60.7,56.9,87.8,8.9,30.1,0.0,2018,3,7,6
2018-08-06,66.5,62.1,86.2,9.2,30.1,0.0,2018,3,8,6
2018-09-06,70.7,60.5,71.5,6.9,30.1,0.0,2018,3,9,6
2018-10-06,66.7,52.3,60.9,5.7,30.0,0.0,2018,4,10,6
2018-11-06,61.6,49.6,67.3,8.3,30.1,0.04,2018,4,11,6
2018-12-06,62.3,53.3,73.5,10.0,30.2,0.0,2018,4,12,6
2018-06-13,66.8,64.9,93.7,11.4,29.9,0.0,2018,2,6,13
2018-06-14,77.0,53.4,47.6,17.1,29.8,0.04,2018,2,6,14
2018-06-15,69.0,52.5,57.0,12.8,29.9,0.0,2018,2,6,15
2018-06-16,71.4,55.5,60.2,10.0,30.0,0.0,2018,2,6,16
2018-06-17,74.3,59.2,62.9,8.6,30.1,0.0,2018,2,6,17
2018-06-18,73.7,68.8,85.1,14.7,29.9,0.0,2018,2,6,18
2018-06-19,79.6,66.4,67.2,10.4,29.8,0.45,2018,2,6,19
2018-06-20,72.5,59.9,66.0,8.8,29.8,0.0,2018,2,6,20
2018-06-21,71.2,66.3,86.0,8.0,29.8,0.28,2018,2,6,21
2018-06-22,67.2,62.3,84.5,11.4,30.0,0.01,2018,2,6,22
2018-06-23,64.8,61.1,87.8,8.4,29.9,0.04,2018,2,6,23
2018-06-24,70.8,68.4,92.4,9.7,29.8,0.01,2018,2,6,24
2018-06-25,73.5,59.0,63.7,12.3,30.0,0.16,2018,2,6,25
2018-06-26,68.0,59.5,75.1,11.5,30.2,0.0,2018,2,6,26
2018-06-27,69.0,64.0,84.4,12.3,30.1,0.0,2018,2,6,27
2018-06-28,72.9,71.7,96.0,13.2,29.8,0.54,2018,2,6,28
2018-06-29,80.0,67.2,67.2,9.0,29.9,0.41,2018,2,6,29
2018-06-30,80.6,64.0,58.1,7.1,30.0,0.0,2018,2,6,30
2018-01-07,82.3,73.0,74.5,6.6,30.0,0.0,2018,1,1,7
2018-02-07,81.4,73.6,78.5,7.0,30.1,0.0,2018,1,2,7
2018-03-07,77.7,75.8,94.2,6.2,30.1,0.0,2018,1,3,7
2018-04-07,78.6,75.0,89.5,6.7,30.3,0.01,2018,2,4,7
2018-05-07,79.3,75.7,89.4,12.2,30.3,0.0,2018,2,5,7
2018-06-07,77.1,70.7,82.6,12.8,30.1,0.01,2018,2,6,7
2018-07-07,68.0,49.9,53.3,10.8,30.3,0.1,2018,3,7,7
2018-08-07,69.8,57.0,65.8,6.5,30.3,0.0,2018,3,8,7
2018-09-07,73.2,61.8,68.2,11.3,30.2,0.0,2018,3,9,7
2018-10-07,77.7,65.1,67.3,10.0,29.9,0.0,2018,4,10,7
2018-11-07,77.9,66.3,68.5,10.1,29.9,0.0,2018,4,11,7
2018-12-07,74.2,62.6,69.4,6.9,30.2,0.0,2018,4,12,7
2018-07-13,74.0,63.5,70.5,9.9,30.2,0.0,2018,3,7,13
2018-07-14,77.0,64.0,64.5,11.5,30.1,0.0,2018,3,7,14
2018-07-15,73.3,70.5,91.2,9.8,30.0,0.87,2018,3,7,15
2018-07-16,78.6,73.9,86.4,10.9,29.9,0.01,2018,3,7,16
2018-07-17,75.5,73.4,93.6,11.0,29.8,0.0,2018,3,7,17
2018-07-18,77.4,59.3,56.7,12.8,29.9,0.68,2018,3,7,18
2018-07-19,73.3,56.0,55.9,8.7,30.1,0.0,2018,3,7,19
2018-07-20,73.7,63.3,71.6,8.3,30.1,0.0,2018,3,7,20
2018-07-21,71.2,61.3,72.2,14.2,30.0,0.0,2018,3,7,21
2018-07-22,74.1,73.3,97.4,18.9,29.9,0.8,2018,3,7,22
2018-07-23,75.1,74.3,97.6,16.8,30.1,0.75,2018,3,7,23
2018-07-24,77.4,75.0,92.6,17.2,30.2,0.03,2018,3,7,24
2018-07-25,76.0,75.0,96.7,16.8,30.0,0.0,2018,3,7,25
2018-07-26,76.9,73.1,88.8,10.7,29.9,0.3,2018,3,7,26
2018-07-27,76.5,73.1,89.7,9.6,30.0,0.0,2018,3,7,27
2018-07-28,77.4,71.4,82.8,6.8,30.0,1.17,2018,3,7,28
2018-07-29,76.8,64.5,66.5,11.3,30.1,0.0,2018,3,7,29
2018-07-30,74.2,66.5,78.0,6.9,30.1,0.0,2018,3,7,30
2018-07-31,73.9,67.3,80.2,7.4,30.1,0.02,2018,3,7,31
2018-01-08,78.3,76.2,93.6,14.7,30.1,0.0,2018,1,1,8
2018-02-08,79.4,76.5,90.7,14.3,30.1,0.02,2018,1,2,8
2018-03-08,77.6,75.5,93.6,11.1,30.1,0.02,2018,1,3,8
2018-04-08,77.6,74.4,90.5,11.8,30.1,0.05,2018,2,4,8
2018-05-08,81.1,71.7,73.8,8.1,30.1,0.17,2018,2,5,8
2018-06-08,82.0,74.8,79.5,10.9,30.1,0.0,2018,2,6,8
2018-07-08,78.1,75.7,92.7,13.1,30.0,0.0,2018,3,7,8
2018-08-08,78.9,75.0,88.2,9.4,29.9,0.74,2018,3,8,8
2018-09-08,81.4,70.1,71.6,8.9,29.8,0.31,2018,3,9,8
2018-10-08,79.1,67.0,67.2,8.5,29.9,0.0,2018,4,10,8
2018-11-08,74.3,73.0,95.9,8.5,29.9,0.0,2018,4,11,8
2018-12-08,75.9,73.5,92.7,6.1,30.0,0.33,2018,4,12,8
2018-08-13,73.5,73.0,98.2,10.0,30.0,1.84,2018,3,8,13
2018-08-14,74.5,71.2,90.3,9.2,29.9,0.6,2018,3,8,14
2018-08-15,79.2,69.1,73.2,11.7,29.9,0.14,2018,3,8,15
2018-08-16,81.5,71.9,73.6,9.6,30.0,0.0,2018,3,8,16
2018-08-17,79.3,75.8,89.5,11.6,30.0,0.0,2018,3,8,17
2018-08-18,77.5,74.3,90.7,10.0,29.8,0.03,2018,3,8,18
2018-08-19,70.0,66.2,87.8,11.6,30.0,0.14,2018,3,8,19
2018-08-20,70.2,65.4,85.0,7.5,30.1,0.02,2018,3,8,20
2018-08-21,70.9,67.0,87.8,10.0,30.0,0.0,2018,3,8,21
2018-08-22,76.7,69.9,81.4,13.8,29.7,0.26,2018,3,8,22
2018-08-23,73.4,55.7,56.0,11.7,30.0,0.0,2018,3,8,23
2018-08-24,73.3,59.4,63.1,6.3,30.2,0.01,2018,3,8,24
2018-08-25,73.4,61.2,66.5,7.5,30.3,0.0,2018,3,8,25
2018-08-26,74.2,68.4,82.5,11.3,30.1,0.0,2018,3,8,26
2018-08-27,79.1,73.0,82.6,9.0,30.1,0.0,2018,3,8,27
2018-08-28,82.8,76.8,82.7,10.3,30.0,0.0,2018,3,8,28
2018-08-29,83.8,76.8,80.3,9.9,30.0,0.0,2018,3,8,29
2018-08-30,83.4,71.6,69.5,10.3,30.0,0.0,2018,3,8,30
2018-08-31,73.6,66.4,78.3,13.2,30.2,0.0,2018,3,8,31
2018-01-09,71.5,64.0,77.8,9.3,30.3,0.01,2018,1,1,9
2018-02-09,73.8,69.9,88.1,7.2,30.3,0.0,2018,1,2,9
2018-03-09,78.5,75.9,91.9,9.6,30.2,0.0,2018,1,3,9
2018-04-09,83.7,72.5,71.0,6.8,30.2,0.0,2018,2,4,9
2018-05-09,79.1,75.4,89.3,8.5,30.2,0.0,2018,2,5,9
2018-06-09,78.8,76.2,92.1,12.0,30.1,0.0,2018,2,6,9
2018-07-09,74.0,70.9,90.2,8.9,30.1,0.69,2018,3,7,9
2018-08-09,67.4,61.8,83.1,11.8,30.1,0.02,2018,3,8,9
2018-09-09,60.0,57.5,91.6,12.5,30.2,0.06,2018,3,9,9
2018-10-09,60.9,60.7,99.6,14.6,30.2,0.81,2018,4,10,9
2018-11-09,69.0,68.8,99.2,4.3,30.1,0.86,2018,4,11,9
2018-12-09,73.9,73.5,98.7,3.9,30.2,0.25,2018,4,12,9
2018-09-13,72.0,70.2,94.2,8.8,30.2,0.15,2018,3,9,13
2018-09-14,71.0,67.0,87.7,9.5,30.2,0.0,2018,3,9,14
2018-09-15,70.6,66.7,88.1,5.3,30.2,0.0,2018,3,9,15
2018-09-16,71.8,68.0,88.8,5.2,30.2,0.0,2018,3,9,16
2018-09-17,73.3,71.3,93.7,8.6,30.1,0.0,2018,3,9,17
2018-09-18,74.2,73.8,98.4,13.4,29.8,0.0,2018,3,9,18
2018-09-19,72.8,68.2,86.3,10.0,29.9,0.67,2018,3,9,19
2018-09-20,67.2,60.2,78.4,7.0,30.2,0.0,2018,3,9,20
2018-09-21,70.2,64.2,81.2,14.5,30.2,0.0,2018,3,9,21
2018-09-22,70.3,58.7,67.9,13.2,30.1,0.0,2018,3,9,22
2018-09-23,63.1,58.8,86.3,6.0,30.2,0.0,2018,3,9,23
2018-09-24,62.6,56.4,80.7,13.0,30.4,0.04,2018,3,9,24
2018-09-25,68.1,67.6,98.2,15.1,30.3,0.41,2018,3,9,25
2018-09-26,73.8,73.2,97.9,12.4,30.0,0.72,2018,3,9,26
2018-09-27,67.3,56.8,69.8,12.5,30.1,0.0,2018,3,9,27
2018-09-28,61.1,59.2,93.9,11.7,30.0,1.15,2018,3,9,28
2018-09-29,65.8,56.1,73.3,8.0,30.2,0.11,2018,3,9,29
2018-09-30,63.0,54.0,74.0,7.5,30.3,0.0,2018,3,9,30
2018-01-10,69.0,66.0,90.5,11.0,30.3,0.0,2018,1,1,10
2018-02-10,70.2,68.3,94.0,13.3,30.1,0.0,2018,1,2,10
2018-03-10,69.6,62.8,80.6,9.2,30.0,0.33,2018,1,3,10
2018-04-10,68.6,66.5,93.0,6.9,30.0,0.0,2018,2,4,10
2018-05-10,65.6,58.6,79.2,11.0,30.1,0.04,2018,2,5,10
2018-06-10,65.4,61.3,86.8,9.3,30.2,0.0,2018,2,6,10
2018-07-10,72.4,70.4,93.2,8.2,30.2,0.0,2018,3,7,10
2018-08-10,65.9,65.5,98.5,10.3,30.4,0.0,2018,3,8,10
2018-09-10,70.4,69.8,98.1,6.4,30.3,0.0,2018,3,9,10
2018-10-10,71.1,70.6,98.5,7.9,30.1,0.0,2018,4,10,10
2018-11-10,71.3,71.2,99.4,11.3,29.7,0.0,2018,4,11,10
2018-12-10,60.6,49.6,69.4,17.9,29.6,1.8,2018,4,12,10
2018-10-13,52.2,41.2,67.0,8.9,29.9,0.02,2018,4,10,13
2018-10-14,53.3,42.5,67.3,6.8,30.2,0.03,2018,4,10,14
2018-10-15,62.3,60.6,94.4,12.0,30.0,0.0,2018,4,10,15
2018-10-16,53.0,37.8,57.3,16.6,30.1,0.08,2018,4,10,16
2018-10-17,54.9,38.0,54.3,17.9,30.0,0.0,2018,4,10,17
2018-10-18,46.7,25.0,43.5,16.4,30.3,0.0,2018,4,10,18
2018-10-19,52.0,37.9,59.4,13.2,30.2,0.0,2018,4,10,19
2018-10-20,57.3,51.3,81.3,14.9,29.7,0.08,2018,4,10,20
2018-10-21,46.9,32.2,58.4,19.5,29.9,0.01,2018,4,10,21
2018-10-22,45.9,33.5,62.6,11.3,30.2,0.0,2018,4,10,22
2018-10-23,55.2,43.5,65.7,11.8,30.0,0.0,2018,4,10,23
2018-10-24,50.0,35.0,56.9,16.4,30.1,0.0,2018,4,10,24
2018-10-25,46.1,30.8,55.8,13.9,30.1,0.0,2018,4,10,25
2018-10-26,44.1,34.6,69.7,5.7,30.1,0.0,2018,4,10,26
2018-10-27,49.7,49.4,99.0,20.9,29.6,0.6,2018,4,10,27
2018-10-28,50.0,44.0,80.5,12.0,29.8,0.27,2018,4,10,28
2018-10-29,53.3,44.1,71.8,15.5,29.8,0.06,2018,4,10,29
2018-10-30,49.8,32.2,53.1,12.6,30.1,0.0,2018,4,10,30
2018-10-31,52.3,45.9,79.6,9.5,30.1,0.0,2018,4,10,31
2018-01-11,59.4,56.3,90.0,10.2,29.9,0.0,2018,1,1,11
2018-02-11,63.3,62.8,98.4,20.8,29.7,0.0,2018,1,2,11
2018-03-11,57.1,48.4,75.9,19.1,29.8,0.3,2018,1,3,11
2018-04-11,48.4,35.2,61.8,7.4,30.5,0.0,2018,2,4,11
2018-05-11,51.0,49.0,93.1,12.6,30.3,0.0,2018,2,5,11
2018-06-11,54.6,54.6,99.9,9.2,29.9,0.28,2018,2,6,11
2018-07-11,57.0,46.1,68.3,14.7,30.0,0.48,2018,3,7,11
2018-08-11,51.1,33.3,51.1,10.8,30.2,0.0,2018,3,8,11
2018-09-11,47.9,42.3,81.8,11.1,30.1,0.0,2018,3,9,11
2018-10-11,44.6,31.8,65.1,17.2,29.9,0.87,2018,4,10,11
2018-11-11,40.3,23.4,51.9,10.4,30.3,0.0,2018,4,11,11
2018-12-11,41.4,32.8,72.7,3.8,30.4,0.0,2018,4,12,11
2018-11-13,48.5,45.2,89.6,12.7,30.0,0.68,2018,4,11,13
2018-11-14,37.7,18.2,45.9,17.3,30.4,0.52,2018,4,11,14
2018-11-15,33.1,26.0,78.2,15.5,30.3,0.0,2018,4,11,15
2018-11-16,41.2,36.4,84.2,21.4,29.7,1.03,2018,4,11,16
2018-11-17,43.8,32.3,64.9,14.5,30.1,0.02,2018,4,11,17
2018-11-18,42.0,30.3,63.8,6.6,30.3,0.0,2018,4,11,18
2018-11-19,45.0,41.6,88.3,4.7,30.1,0.0,2018,4,11,19
2018-11-20,45.3,39.0,80.3,10.2,29.9,0.0,2018,4,11,20
2018-11-21,39.4,24.9,56.4,17.8,30.1,0.01,2018,4,11,21
2018-11-22,23.8,1.3,38.4,19.5,30.4,0.0,2018,4,11,22
2018-11-23,24.2,7.6,50.1,8.6,30.5,0.0,2018,4,11,23
2018-11-24,41.0,34.9,79.6,8.3,30.0,0.0,2018,4,11,24
2018-11-25,50.0,44.1,81.5,14.7,29.8,2.42,2018,4,11,25
2018-11-26,48.5,46.3,92.3,13.7,29.7,0.0,2018,4,11,26
2018-11-27,42.3,34.3,74.9,19.5,29.4,1.17,2018,4,11,27
2018-11-28,39.3,26.5,60.3,21.0,29.5,0.0,2018,4,11,28
2018-11-29,41.9,27.8,57.8,19.4,29.9,0.0,2018,4,11,29
2018-11-30,39.2,32.0,76.2,4.3,30.1,0.0,2018,4,11,30
2018-01-12,40.9,35.6,82.5,5.6,30.2,0.02,2018,1,1,12
2018-02-12,51.2,51.2,99.9,7.0,29.7,0.49,2018,1,2,12
2018-03-12,51.9,45.9,82.3,11.7,29.6,0.44,2018,1,3,12
2018-04-12,38.5,22.0,52.5,16.7,29.9,0.0,2018,2,4,12
2018-05-12,32.2,18.6,57.6,8.1,30.1,0.0,2018,2,5,12
2018-06-12,35.7,22.8,59.7,14.5,30.2,0.0,2018,2,6,12
2018-07-12,35.6,18.2,50.1,15.4,30.3,0.0,2018,3,7,12
2018-08-12,30.5,15.0,53.0,10.7,30.5,0.0,2018,3,8,12
2018-09-12,31.7,20.0,62.2,5.1,30.4,0.0,2018,3,9,12
2018-10-12,33.2,20.0,58.9,9.7,30.1,0.0,2018,4,10,12
2018-11-12,33.5,24.5,70.0,7.1,30.1,0.0,2018,4,11,12
2018-12-12,36.0,23.6,61.0,12.0,30.1,0.0,2018,4,12,12
2018-12-13,37.2,31.9,82.2,9.5,30.4,0.0,2018,4,12,13
2018-12-14,46.5,44.4,92.4,7.4,30.4,0.09,2018,4,12,14
2018-12-15,49.6,47.1,91.6,9.4,30.1,0.26,2018,4,12,15
2018-12-16,41.1,39.3,93.7,18.4,29.9,0.3,2018,4,12,16
2018-12-17,41.9,32.7,72.9,17.7,29.7,0.86,2018,4,12,17
2018-12-18,34.2,16.0,47.8,21.6,30.0,0.0,2018,4,12,18
2018-12-19,33.0,21.4,63.0,8.7,30.1,0.0,2018,4,12,19
2018-12-20,42.2,40.2,93.0,7.3,30.0,0.0,2018,4,12,20
2018-12-21,54.1,54.0,99.8,18.3,29.4,0.88,2018,4,12,21
2018-12-22,46.0,38.7,77.8,20.1,29.5,1.15,2018,4,12,22
2018-12-23,40.0,26.0,57.7,10.2,30.1,0.0,2018,4,12,23
2018-12-24,38.6,33.1,82.8,8.8,30.1,0.08,2018,4,12,24
2018-12-25,36.8,22.8,57.5,13.5,30.3,0.0,2018,4,12,25
2018-12-26,37.5,24.3,59.3,10.3,30.4,0.0,2018,4,12,26
2018-12-27,40.2,30.1,67.6,8.8,30.6,0.0,2018,4,12,27
2018-12-28,49.7,49.2,98.2,13.4,30.0,0.09,2018,4,12,28
2018-12-29,48.4,39.7,74.5,14.6,30.0,0.89,2018,4,12,29
2018-12-30,35.8,27.8,73.3,5.6,30.2,0.0,2018,4,12,30
2018-12-31,39.7,38.0,94.0,9.5,30.2,0.0,2018,4,12,31
2019-01-01,50.7,42.6,76.2,17.9,29.8,1.34,2019,1,1,1
2019-02-01,37.0,25.7,63.8,8.5,30.3,0.0,2019,1,2,1
2019-03-01,41.0,32.4,73.2,11.1,30.0,0.0,2019,1,3,1
2019-04-01,39.9,33.2,77.1,11.8,30.0,0.0,2019,2,4,1
2019-05-01,44.6,43.9,97.7,12.1,29.6,0.24,2019,2,5,1
2019-06-01,42.3,29.3,62.1,18.0,29.9,0.16,2019,2,6,1
2019-07-01,29.4,10.1,45.2,10.8,30.4,0.0,2019,3,7,1
2019-08-01,42.3,40.9,95.0,7.7,30.0,0.08,2019,3,8,1
2019-09-01,42.2,29.1,62.8,20.2,29.6,0.16,2019,3,9,1
2019-10-01,32.7,17.4,53.9,23.8,29.7,0.0,2019,4,10,1
2019-11-01,26.5,6.5,43.4,19.4,30.2,0.0,2019,4,11,1
2019-12-01,27.2,8.3,45.6,6.7,30.5,0.0,2019,4,12,1
2019-01-13,28.5,13.2,53.8,10.3,30.4,0.0,2019,1,1,13
2019-01-14,27.4,15.8,62.8,12.8,30.2,0.0,2019,1,1,14
2019-01-15,28.9,15.0,57.0,6.8,30.1,0.0,2019,1,1,15
2019-01-16,33.6,23.6,67.7,12.5,30.1,0.0,2019,1,1,16
2019-01-17,29.4,11.5,47.7,8.5,30.3,0.0,2019,1,1,17
2019-01-18,33.6,30.6,89.5,6.9,30.1,0.04,2019,1,1,18
2019-01-19,35.3,26.5,71.2,9.7,30.1,0.0,2019,1,1,19
2019-01-20,36.4,33.3,89.7,18.8,29.4,1.33,2019,1,1,20
2019-01-21,11.1,-5.0,48.7,27.5,30.1,0.31,2019,1,1,21
2019-01-22,21.9,4.0,47.8,11.9,30.6,0.0,2019,1,1,22
2019-01-23,37.0,27.8,70.2,13.3,30.3,0.0,2019,1,1,23
2019-01-24,47.5,46.0,95.1,21.4,29.6,0.07,2019,1,1,24
2019-01-25,34.9,16.8,49.1,16.7,30.0,1.3,2019,1,1,25
2019-01-26,28.9,9.6,45.4,10.0,30.3,0.0,2019,1,1,26
2019-01-27,38.9,31.5,75.3,14.4,30.1,0.0,2019,1,1,27
2019-01-28,29.5,11.4,47.5,11.5,30.1,0.0,2019,1,1,28
2019-01-29,34.2,30.0,84.9,10.8,29.9,0.0,2019,1,1,29
2019-01-30,24.8,12.1,60.9,22.7,29.9,0.21,2019,1,1,30
2019-01-31,10.0,-9.2,42.0,16.8,30.4,0.0,2019,1,1,31
2019-01-02,16.9,-4.0,39.9,9.9,30.4,0.0,2019,1,1,2
2019-02-02,24.7,10.3,55.4,12.3,30.3,0.0,2019,1,2,2
2019-03-02,36.4,29.8,78.3,7.8,30.1,0.0,2019,1,3,2
2019-04-02,39.6,35.8,87.2,5.2,30.1,0.0,2019,2,4,2
2019-05-02,44.6,39.0,82.9,5.5,30.0,0.0,2019,2,5,2
2019-06-02,40.1,33.7,79.2,11.1,30.2,0.0,2019,2,6,2
2019-07-02,41.3,40.5,97.4,9.1,30.1,0.64,2019,3,7,2
2019-08-02,42.1,36.0,84.1,11.7,30.0,0.1,2019,3,8,2
2019-09-02,29.3,7.1,39.6,21.2,30.5,0.06,2019,3,9,2
2019-10-02,29.5,12.2,49.1,9.9,30.6,0.0,2019,4,10,2
2019-11-02,33.7,20.4,60.4,6.2,30.3,0.0,2019,4,11,2
2019-12-02,30.5,25.1,83.1,14.6,30.2,0.0,2019,4,12,2
2019-02-13,36.4,29.6,79.0,15.3,29.7,0.89,2019,1,2,13
2019-02-14,38.0,23.9,58.3,14.5,30.0,0.0,2019,1,2,14
2019-02-15,44.8,40.9,86.6,16.0,29.8,0.0,2019,1,2,15
2019-02-16,40.0,20.8,46.6,16.2,29.9,0.0,2019,1,2,16
2019-02-17,31.1,19.0,61.6,9.5,30.1,0.0,2019,1,2,17
2019-02-18,35.8,30.9,84.4,12.5,29.9,0.11,2019,1,2,18
2019-02-19,29.4,9.5,44.7,14.3,30.5,0.02,2019,1,2,19
2019-02-20,29.0,21.3,76.4,7.5,30.5,0.0,2019,1,2,20
2019-02-21,40.0,34.6,83.6,12.0,30.0,0.83,2019,1,2,21
2019-02-22,41.3,23.9,50.2,12.9,30.3,0.0,2019,1,2,22
2019-02-23,36.5,27.8,71.3,7.5,30.4,0.0,2019,1,2,23
2019-02-24,43.7,42.0,94.8,13.4,29.6,0.55,2019,1,2,24
2019-02-25,38.5,14.0,37.2,29.1,29.8,0.35,2019,1,2,25
2019-02-26,30.4,7.8,39.3,18.0,30.3,0.0,2019,1,2,26
2019-02-27,26.9,11.7,54.4,8.7,30.3,0.0,2019,1,2,27
2019-02-28,30.5,20.6,71.2,11.2,30.1,0.01,2019,1,2,28
2019-01-03,31.3,25.3,79.3,9.2,30.3,0.02,2019,1,1,3
2019-02-03,34.5,31.6,89.6,10.8,30.1,0.53,2019,1,2,3
2019-03-03,36.3,30.0,80.4,7.9,30.0,0.04,2019,1,3,3
2019-04-03,34.4,28.1,80.5,15.1,29.8,1.01,2019,2,4,3
2019-05-03,27.3,11.0,50.6,13.9,30.0,0.0,2019,2,5,3
2019-06-03,23.3,4.0,44.0,17.9,30.1,0.0,2019,2,6,3
2019-07-03,26.1,7.3,45.1,13.8,30.3,0.0,2019,3,7,3
2019-08-03,30.6,18.4,61.5,5.6,30.4,0.0,2019,3,8,3
2019-09-03,38.0,26.9,66.0,7.4,30.3,0.0,2019,3,9,3
2019-10-03,40.1,39.0,95.8,12.8,30.1,0.35,2019,4,10,3
2019-11-03,47.4,30.5,54.9,16.5,30.0,0.52,2019,4,11,3
2019-12-03,38.7,18.8,45.1,18.9,30.2,0.0,2019,4,12,3
2019-03-13,36.9,25.1,63.3,8.0,30.3,0.0,2019,1,3,13
2019-03-14,45.1,39.6,81.5,11.4,30.2,0.0,2019,1,3,14
2019-03-15,50.9,48.5,91.7,17.5,29.8,0.0,2019,1,3,15
2019-03-16,47.7,26.3,44.4,20.6,30.0,0.16,2019,1,3,16
2019-03-17,38.7,13.9,36.9,13.8,30.2,0.0,2019,1,3,17
2019-03-18,37.1,18.9,49.5,7.9,30.3,0.0,2019,1,3,18
2019-03-19,39.5,25.6,59.5,9.1,30.4,0.0,2019,1,3,19
2019-03-20,40.7,31.8,73.9,8.4,30.4,0.0,2019,1,3,20
2019-03-21,45.2,42.4,90.1,13.9,30.0,0.0,2019,1,3,21
2019-03-22,44.6,37.9,80.1,22.1,29.4,1.18,2019,1,3,22
2019-03-23,41.2,19.0,43.7,25.0,29.8,0.04,2019,1,3,23
2019-03-24,46.9,21.2,37.2,12.8,30.1,0.0,2019,1,3,24
2019-03-25,49.5,30.3,48.6,9.4,30.1,0.0,2019,1,3,25
2019-03-26,40.7,4.8,23.4,15.7,30.2,0.0,2019,1,3,26
2019-03-27,37.3,16.8,45.0,9.3,30.5,0.0,2019,1,3,27
2019-03-28,41.2,33.5,74.5,12.7,30.4,0.0,2019,1,3,28
2019-03-29,48.4,43.7,84.2,7.4,30.1,0.0,2019,1,3,29
2019-03-30,51.0,45.3,81.5,14.8,30.0,0.0,2019,1,3,30
2019-03-31,48.4,42.4,81.6,19.9,29.8,0.0,2019,1,3,31
2019-01-04,39.5,16.2,40.3,17.4,30.2,0.11,2019,1,1,4
2019-02-04,41.0,29.5,65.5,11.4,30.3,0.0,2019,1,2,4
2019-03-04,52.9,29.4,49.3,19.7,30.0,0.06,2019,1,3,4
2019-04-04,51.0,18.5,28.0,13.5,30.4,0.0,2019,2,4,4
2019-05-04,39.8,26.8,66.8,10.2,30.4,0.0,2019,2,5,4
2019-06-04,50.7,43.0,78.0,8.7,30.2,0.23,2019,2,6,4
2019-07-04,52.5,43.6,72.9,9.9,30.2,0.0,2019,3,7,4
2019-08-04,55.4,52.3,89.8,8.2,29.9,0.27,2019,3,8,4
2019-09-04,45.7,45.2,98.2,9.6,29.7,0.0,2019,3,9,4
2019-10-04,51.3,33.9,55.7,13.7,29.8,0.01,2019,4,10,4
2019-11-04,43.6,25.4,49.5,8.2,30.2,0.0,2019,4,11,4
2019-12-04,52.5,46.0,80.0,13.4,30.2,0.0,2019,4,12,4
2019-04-13,57.1,56.1,96.6,11.2,30.1,0.97,2019,2,4,13
2019-04-14,56.4,56.0,98.4,9.3,29.8,0.0,2019,2,4,14
2019-04-15,55.4,49.8,84.3,24.1,29.4,0.37,2019,2,4,15
2019-04-16,54.3,24.5,33.9,19.0,30.0,0.15,2019,2,4,16
2019-04-17,51.4,35.5,56.5,9.8,30.1,0.0,2019,2,4,17
2019-04-18,53.4,48.0,82.5,17.9,30.0,0.0,2019,2,4,18
2019-04-19,58.6,56.7,93.7,21.2,29.8,0.0,2019,2,4,19
2019-04-20,57.6,57.1,98.1,19.3,29.8,0.41,2019,2,4,20
2019-04-21,54.9,51.2,87.8,10.1,30.0,0.17,2019,2,4,21
2019-04-22,56.7,53.2,88.4,10.2,30.0,0.01,2019,2,4,22
2019-04-23,61.7,52.9,74.2,9.8,29.9,0.48,2019,2,4,23
2019-04-24,63.4,45.3,54.9,12.6,29.8,0.03,2019,2,4,24
2019-04-25,52.3,43.2,72.0,8.3,29.9,0.0,2019,2,4,25
2019-04-26,55.9,55.2,97.5,13.3,29.6,0.13,2019,2,4,26
2019-04-27,53.8,35.5,52.7,18.9,29.6,1.05,2019,2,4,27
2019-04-28,49.9,40.4,70.0,10.3,30.0,0.0,2019,2,4,28
2019-04-29,48.8,34.0,58.6,10.3,30.4,0.01,2019,2,4,29
2019-04-30,51.2,49.9,95.5,5.2,30.2,0.13,2019,2,4,30
2019-01-05,51.1,47.9,89.3,8.9,30.4,0.0,2019,1,1,5
2019-02-05,54.5,52.5,93.6,9.6,30.1,0.02,2019,1,2,5
2019-03-05,52.0,51.8,99.3,5.9,30.1,0.18,2019,1,3,5
2019-04-05,56.9,56.0,96.9,6.2,29.9,0.22,2019,2,4,5
2019-05-05,54.1,54.0,99.7,11.5,29.8,0.76,2019,2,5,5
2019-06-05,56.1,49.7,80.4,10.2,30.0,0.86,2019,2,6,5
2019-07-05,56.6,52.1,85.2,10.3,30.2,0.0,2019,3,7,5
2019-08-05,59.2,51.4,76.8,8.3,30.2,0.04,2019,3,8,5
2019-09-05,53.6,46.2,77.2,13.3,30.3,0.0,2019,3,9,5
2019-10-05,59.1,56.7,91.8,13.3,30.1,0.0,2019,4,10,5
2019-11-05,61.6,50.5,69.5,10.1,30.0,0.02,2019,4,11,5
2019-12-05,47.7,46.9,96.8,14.0,29.9,0.38,2019,4,12,5
2019-05-13,46.3,45.3,96.4,10.7,29.9,0.7,2019,2,5,13
2019-05-14,47.6,45.1,91.5,6.9,29.8,0.65,2019,2,5,14
2019-05-15,53.9,46.0,76.7,10.6,29.8,0.15,2019,2,5,15
2019-05-16,60.3,51.9,75.0,9.2,29.9,0.05,2019,2,5,16
2019-05-17,63.0,57.3,81.8,6.6,29.8,0.0,2019,2,5,17
2019-05-18,62.0,47.8,60.5,10.8,30.0,0.25,2019,2,5,18
2019-05-19,62.5,59.9,91.5,14.2,30.0,0.0,2019,2,5,19
2019-05-20,71.9,62.0,74.3,11.6,29.8,0.14,2019,2,5,20
2019-05-21,64.9,41.0,42.8,20.8,29.9,0.0,2019,2,5,21
2019-05-22,64.1,41.6,45.8,10.6,30.2,0.0,2019,2,5,22
2019-05-23,61.8,57.6,87.2,9.8,30.1,0.16,2019,2,5,23
2019-05-24,69.6,55.1,62.0,18.6,29.9,0.25,2019,2,5,24
2019-05-25,60.2,52.4,76.4,12.4,30.2,0.0,2019,2,5,25
2019-05-26,69.7,63.8,82.9,10.8,29.9,0.03,2019,2,5,26
2019-05-27,72.1,55.2,57.5,10.5,29.9,0.12,2019,2,5,27
2019-05-28,65.6,61.4,86.7,11.9,29.8,0.0,2019,2,5,28
2019-05-29,61.0,59.1,93.7,9.0,29.7,0.14,2019,2,5,29
2019-05-30,59.9,59.6,99.0,6.5,29.8,0.41,2019,2,5,30
2019-05-31,69.6,62.9,81.5,9.9,29.7,1.23,2019,2,5,31
2019-01-06,67.7,60.4,79.7,6.9,29.8,0.0,2019,1,1,6
2019-02-06,68.8,64.3,86.3,8.8,29.7,0.0,2019,1,2,6
2019-03-06,65.5,42.9,45.9,13.0,29.9,0.25,2019,1,3,6
2019-04-06,62.7,44.6,52.4,12.6,30.1,0.0,2019,2,4,6
2019-05-06,67.7,62.7,84.5,12.6,29.9,0.0,2019,2,5,6
2019-06-06,72.7,66.6,83.4,9.1,29.7,0.62,2019,2,6,6
2019-07-06,68.4,63.1,84.0,6.4,29.9,0.0,2019,3,7,6
2019-08-06,66.5,57.0,75.4,8.2,30.1,0.0,2019,3,8,6
2019-09-06,65.2,51.7,63.2,11.1,30.3,0.0,2019,3,9,6
2019-10-06,65.2,63.8,95.3,12.1,30.0,0.0,2019,4,10,6
2019-11-06,70.5,58.1,70.6,15.7,29.9,0.66,2019,4,11,6
2019-12-06,65.8,51.5,61.2,9.9,30.1,0.0,2019,4,12,6
2019-06-13,61.4,57.6,87.9,11.0,29.8,0.01,2019,2,6,13
2019-06-14,65.6,53.9,70.2,14.1,29.9,0.63,2019,2,6,14
2019-06-15,67.7,57.8,71.0,14.5,30.1,0.0,2019,2,6,15
2019-06-16,69.7,66.6,90.0,10.6,29.9,0.03,2019,2,6,16
2019-06-17,70.7,67.5,89.8,5.3,29.9,0.09,2019,2,6,17
2019-06-18,68.7,68.6,99.5,5.7,29.9,0.05,2019,2,6,18
2019-06-19,66.5,66.4,99.4,7.2,29.8,1.34,2019,2,6,19
2019-06-20,70.6,68.6,96.7,7.7,29.6,0.05,2019,2,6,20
2019-06-21,71.3,64.1,81.6,13.6,29.6,1.06,2019,2,6,21
2019-06-22,73.0,50.8,46.6,15.1,29.9,0.24,2019,2,6,22
2019-06-23,75.0,54.7,50.1,12.0,29.9,0.0,2019,2,6,23
2019-06-24,74.0,62.5,69.5,9.5,29.9,0.0,2019,2,6,24
2019-06-25,72.7,71.8,97.0,6.7,29.8,0.19,2019,2,6,25
2019-06-26,75.9,67.6,78.3,10.1,30.0,0.02,2019,2,6,26
2019-06-27,79.2,66.3,66.8,6.6,30.1,0.0,2019,2,6,27
2019-06-28,78.7,64.3,63.1,5.7,30.1,0.0,2019,2,6,28
2019-06-29,77.8,72.1,83.8,11.5,29.9,0.0,2019,2,6,29
2019-06-30,77.7,61.7,60.7,15.9,29.8,0.03,2019,2,6,30
2019-01-07,75.3,59.3,59.0,10.5,29.9,0.06,2019,1,1,7
2019-02-07,77.9,66.4,69.0,8.3,29.8,0.0,2019,1,2,7
2019-03-07,78.5,71.5,80.2,5.9,29.9,0.09,2019,1,3,7
2019-04-07,77.0,71.3,84.7,5.8,30.1,0.0,2019,2,4,7
2019-05-07,76.3,73.2,90.7,7.1,30.1,0.0,2019,2,5,7
2019-06-07,79.6,76.1,89.6,10.1,29.9,0.0,2019,2,6,7
2019-07-07,76.9,68.8,76.6,10.0,29.9,0.0,2019,3,7,7
2019-08-07,72.0,62.0,72.3,5.9,30.0,0.0,2019,3,8,7
2019-09-07,77.6,67.4,73.4,9.8,30.0,0.01,2019,3,9,7
2019-10-07,78.8,70.8,78.3,10.1,30.0,0.0,2019,4,10,7
2019-11-07,76.2,71.9,87.5,11.3,29.9,0.0,2019,4,11,7
2019-12-07,79.2,69.3,75.0,11.5,29.7,0.72,2019,4,12,7
2019-07-13,77.9,66.6,69.1,11.1,29.9,0.0,2019,3,7,13
2019-07-14,82.3,63.8,57.0,11.9,29.9,0.0,2019,3,7,14
2019-07-15,76.9,61.9,61.0,11.3,30.0,0.0,2019,3,7,15
2019-07-16,78.9,68.2,70.8,10.6,30.0,0.0,2019,3,7,16
2019-07-17,79.7,75.6,87.9,11.8,29.9,0.0,2019,3,7,17
2019-07-18,76.5,74.8,94.7,7.4,29.9,0.87,2019,3,7,18
2019-07-19,77.6,74.5,90.7,8.1,29.9,0.01,2019,3,7,19
2019-07-20,87.3,77.7,74.8,11.4,29.8,0.0,2019,3,7,20
2019-07-21,89.7,76.0,65.8,12.6,29.8,0.0,2019,3,7,21
2019-07-22,78.9,74.5,87.0,10.1,29.8,0.03,2019,3,7,22
2019-07-23,71.3,68.4,91.2,9.4,29.8,3.56,2019,3,7,23
2019-07-24,74.0,65.8,77.5,7.3,29.9,0.1,2019,3,7,24
2019-07-25,76.0,63.5,67.2,7.8,30.1,0.0,2019,3,7,25
2019-07-26,77.2,64.1,66.3,7.0,30.2,0.0,2019,3,7,26
2019-07-27,76.5,68.7,78.0,9.2,30.2,0.0,2019,3,7,27
2019-07-28,79.4,71.3,76.7,12.5,30.1,0.0,2019,3,7,28
2019-07-29,80.3,71.9,75.9,10.1,30.0,0.0,2019,3,7,29
2019-07-30,80.7,74.1,80.6,11.5,30.0,0.0,2019,3,7,30
2019-07-31,76.7,71.1,83.3,7.9,30.0,0.0,2019,3,7,31
2019-01-08,78.5,63.6,63.6,6.8,30.1,0.0,2019,1,1,8
2019-02-08,76.9,67.5,73.2,7.5,30.1,0.0,2019,1,2,8
2019-03-08,77.2,72.2,85.5,10.4,30.0,0.0,2019,1,3,8
2019-04-08,78.1,66.4,70.4,8.2,29.9,0.01,2019,2,4,8
2019-05-08,75.6,63.7,68.5,7.5,30.0,0.0,2019,2,5,8
2019-06-08,74.4,71.9,92.1,6.9,29.9,0.0,2019,2,6,8
2019-07-08,75.0,72.8,93.5,12.3,29.8,0.0,2019,3,7,8
2019-08-08,74.9,69.1,83.2,11.4,29.7,1.0,2019,3,8,8
2019-09-08,76.4,64.1,66.8,9.4,29.8,0.0,2019,3,9,8
2019-10-08,75.8,53.6,47.3,12.8,29.8,0.04,2019,4,10,8
2019-11-08,73.4,55.1,53.5,9.0,30.0,0.0,2019,4,11,8
2019-12-08,75.8,63.6,67.4,12.1,29.9,0.0,2019,4,12,8
2019-08-13,74.7,71.8,91.0,8.7,29.8,0.01,2019,3,8,13
2019-08-14,73.8,72.3,95.1,5.5,29.8,0.06,2019,3,8,14
2019-08-15,72.7,69.3,89.9,8.4,30.0,0.26,2019,3,8,15
2019-08-16,72.5,69.8,91.7,7.4,30.0,0.0,2019,3,8,16
2019-08-17,76.1,74.3,94.8,6.1,30.0,0.0,2019,3,8,17
2019-08-18,78.6,74.8,89.2,8.8,30.0,0.0,2019,3,8,18
2019-08-19,77.8,74.5,89.9,9.1,30.0,0.0,2019,3,8,19
2019-08-20,79.0,69.5,74.5,7.8,30.1,0.15,2019,3,8,20
2019-08-21,78.4,75.2,90.4,9.9,29.9,0.0,2019,3,8,21
2019-08-22,78.3,72.3,83.3,9.8,29.9,0.37,2019,3,8,22
2019-08-23,71.2,63.9,78.7,8.8,30.0,0.79,2019,3,8,23
2019-08-24,69.6,55.0,61.5,9.1,30.1,0.02,2019,3,8,24
2019-08-25,68.9,58.3,70.0,13.2,30.2,0.0,2019,3,8,25
2019-08-26,66.2,57.4,73.9,9.7,30.2,0.0,2019,3,8,26
2019-08-27,66.3,60.0,80.5,6.7,30.1,0.0,2019,3,8,27
2019-08-28,70.4,69.5,97.0,7.3,29.9,0.0,2019,3,8,28
2019-08-29,75.0,59.3,61.5,10.9,29.9,0.45,2019,3,8,29
2019-08-30,74.4,65.3,74.5,10.8,30.0,0.0,2019,3,8,30
2019-08-31,74.1,58.9,60.5,7.3,30.2,0.0,2019,3,8,31
2019-01-09,69.7,60.3,72.5,10.6,30.3,0.0,2019,1,1,9
2019-02-09,71.9,69.9,93.3,10.7,30.0,0.0,2019,1,2,9
2019-03-09,72.8,65.0,78.7,7.9,30.0,0.64,2019,1,3,9
2019-04-09,73.9,71.4,92.3,10.0,29.9,0.0,2019,2,4,9
2019-05-09,68.7,59.4,72.8,8.3,30.1,0.16,2019,2,5,9
2019-06-09,62.8,58.4,86.3,14.4,29.9,0.0,2019,2,6,9
2019-07-09,67.0,55.2,68.5,12.9,29.8,0.29,2019,3,7,9
2019-08-09,69.3,59.8,72.4,7.3,30.0,0.0,2019,3,8,9
2019-09-09,70.0,63.1,79.4,8.4,30.2,0.0,2019,3,9,9
2019-10-09,70.0,67.6,92.4,8.0,30.3,0.0,2019,4,10,9
2019-11-09,74.3,70.9,89.7,11.4,30.1,0.0,2019,4,11,9
2019-12-09,72.3,68.2,87.7,10.7,30.1,0.0,2019,4,12,9
2019-09-13,64.0,53.5,70.0,12.5,30.4,0.01,2019,3,9,13
2019-09-14,70.2,64.6,82.8,12.3,30.3,0.0,2019,3,9,14
2019-09-15,73.3,67.2,82.5,7.0,30.1,0.0,2019,3,9,15
2019-09-16,71.3,64.1,78.4,5.3,30.0,0.0,2019,3,9,16
2019-09-17,68.0,49.2,55.4,9.2,30.1,0.0,2019,3,9,17
2019-09-18,61.6,51.6,71.7,9.1,30.2,0.0,2019,3,9,18
2019-09-19,58.8,47.8,68.0,7.2,30.3,0.0,2019,3,9,19
2019-09-20,66.3,52.0,63.0,10.0,30.2,0.0,2019,3,9,20
2019-09-21,69.9,59.1,70.9,7.1,30.2,0.0,2019,3,9,21
2019-09-22,71.3,64.8,80.8,9.7,30.1,0.0,2019,3,9,22
2019-09-23,75.0,69.3,82.5,12.3,29.9,0.0,2019,3,9,23
2019-09-24,72.4,55.1,55.7,14.0,29.8,0.0,2019,3,9,24
2019-09-25,67.6,55.5,66.0,9.4,29.9,0.0,2019,3,9,25
2019-09-26,68.7,62.8,82.2,12.5,29.8,0.0,2019,3,9,26
2019-09-27,65.9,54.0,68.7,8.1,30.1,0.0,2019,3,9,27
2019-09-28,70.5,66.8,88.7,13.3,30.1,0.0,2019,3,9,28
2019-09-29,72.9,60.2,67.7,9.4,30.2,0.0,2019,3,9,29
2019-09-30,65.2,53.0,64.8,10.3,30.3,0.0,2019,3,9,30
2019-01-10,69.6,62.8,79.4,12.5,30.1,0.0,2019,1,1,10
2019-02-10,78.0,69.5,77.6,13.3,29.8,0.0,2019,1,2,10
2019-03-10,57.7,57.5,99.4,12.5,30.1,0.41,2019,1,3,10
2019-04-10,60.1,50.3,73.3,15.4,30.1,0.26,2019,2,4,10
2019-05-10,52.9,39.1,60.8,8.5,30.4,0.0,2019,2,5,10
2019-06-10,65.8,59.2,79.5,15.4,30.3,0.0,2019,2,6,10
2019-07-10,69.2,65.5,88.2,17.7,30.1,0.0,2019,3,7,10
2019-08-10,60.6,52.6,76.0,13.1,30.2,0.01,2019,3,8,10
2019-09-10,55.6,51.1,85.2,16.1,30.2,0.0,2019,3,9,10
2019-10-10,60.6,41.5,52.6,18.2,30.2,0.64,2019,4,10,10
2019-11-10,59.0,43.8,57.5,18.7,30.1,0.0,2019,4,11,10
2019-12-10,59.8,51.0,73.0,8.9,30.0,0.0,2019,4,12,10
2019-10-13,59.3,50.0,72.4,8.0,30.1,0.0,2019,4,10,13
2019-10-14,61.8,54.4,79.3,7.3,30.0,0.0,2019,4,10,14
2019-10-15,57.1,43.4,62.2,6.7,30.1,0.0,2019,4,10,15
2019-10-16,60.3,57.8,91.7,18.1,29.6,0.0,2019,4,10,16
2019-10-17,55.1,42.3,62.4,26.3,29.4,1.02,2019,4,10,17
2019-10-18,53.3,39.8,60.3,17.3,29.8,0.0,2019,4,10,18
2019-10-19,50.6,40.1,67.8,7.8,30.1,0.0,2019,4,10,19
2019-10-20,53.0,50.6,92.0,8.5,30.0,0.0,2019,4,10,20
2019-10-21,58.1,50.7,78.7,9.5,30.1,0.0,2019,4,10,21
2019-10-22,58.4,56.8,94.5,11.7,30.0,0.0,2019,4,10,22
2019-10-23,61.7,48.0,65.5,13.5,29.9,0.51,2019,4,10,23
2019-10-24,56.8,40.7,56.0,9.5,30.3,0.0,2019,4,10,24
2019-10-25,56.8,52.0,84.3,7.5,30.3,0.0,2019,4,10,25
2019-10-26,57.9,46.7,68.1,8.1,30.2,0.0,2019,4,10,26
2019-10-27,61.5,60.2,95.8,15.9,29.9,0.04,2019,4,10,27
2019-10-28,57.6,52.4,83.9,8.4,30.2,0.86,2019,4,10,28
2019-10-29,56.9,56.8,99.9,7.3,30.3,0.03,2019,4,10,29
2019-10-30,61.4,61.4,99.9,5.6,30.2,0.06,2019,4,10,30
2019-10-31,64.6,64.6,99.9,21.4,29.9,0.2,2019,4,10,31
2019-01-11,52.9,38.3,60.5,21.6,29.9,0.11,2019,1,1,11
2019-02-11,45.8,35.1,67.0,5.7,30.2,0.0,2019,1,2,11
2019-03-11,48.4,31.1,52.2,11.0,30.1,0.0,2019,1,3,11
2019-04-11,48.8,35.1,60.5,9.1,30.3,0.0,2019,2,4,11
2019-05-11,56.9,49.9,78.3,10.6,30.2,0.0,2019,2,5,11
2019-06-11,50.4,32.7,51.9,10.8,30.3,0.0,2019,2,6,11
2019-07-11,51.2,41.4,70.8,13.2,30.1,0.0,2019,3,7,11
2019-08-11,36.6,20.8,54.5,18.9,30.1,0.02,2019,3,8,11
2019-09-11,34.6,21.2,58.4,9.0,30.3,0.0,2019,3,9,11
2019-10-11,45.8,31.6,57.8,10.9,30.1,0.0,2019,4,10,11
2019-11-11,52.3,46.1,80.5,5.4,30.0,0.0,2019,4,11,11
2019-12-11,42.4,32.8,70.0,17.2,29.9,0.0,2019,4,12,11
2019-11-13,28.4,7.3,41.9,15.8,30.3,0.02,2019,4,11,13
2019-11-14,36.2,22.4,57.5,8.4,30.4,0.0,2019,4,11,14
2019-11-15,43.7,27.4,53.6,10.3,30.2,0.0,2019,4,11,15
2019-11-16,37.1,11.8,37.4,14.5,30.4,0.0,2019,4,11,16
2019-11-17,37.4,25.4,62.5,18.1,30.3,0.0,2019,4,11,17
2019-11-18,40.3,38.7,94.3,12.2,29.8,0.01,2019,4,11,18
2019-11-19,44.9,39.3,82.3,8.3,29.8,0.62,2019,4,11,19
2019-11-20,43.5,32.5,65.7,15.5,29.9,0.0,2019,4,11,20
2019-11-21,44.8,33.5,65.3,8.1,30.1,0.0,2019,4,11,21
2019-11-22,47.4,37.5,69.9,15.6,29.8,0.0,2019,4,11,22
2019-11-23,40.2,25.3,55.8,9.5,30.0,0.04,2019,4,11,23
2019-11-24,44.2,41.9,92.1,16.0,29.4,0.59,2019,4,11,24
2019-11-25,44.5,36.9,75.5,10.3,29.8,0.22,2019,4,11,25
2019-11-26,47.5,43.5,87.0,7.2,30.0,0.0,2019,4,11,26
2019-11-27,51.4,49.1,91.7,10.9,29.8,0.0,2019,4,11,27
2019-11-28,47.0,31.8,56.1,24.4,29.8,0.01,2019,4,11,28
2019-11-29,36.1,23.1,59.5,16.7,30.2,0.0,2019,4,11,29
2019-11-30,36.2,18.0,49.6,11.3,30.1,0.0,2019,4,11,30
2019-01-12,34.3,27.8,79.2,14.1,29.8,0.0,2019,1,1,12
2019-02-12,35.7,35.3,98.6,17.5,29.5,0.6,2019,1,2,12
2019-03-12,31.8,24.8,73.4,18.2,29.5,0.0,2019,1,3,12
2019-04-12,37.0,30.5,77.5,12.5,29.6,0.0,2019,2,4,12
2019-05-12,39.4,28.6,67.7,16.6,29.8,0.0,2019,2,5,12
2019-06-12,41.7,28.0,58.7,14.2,30.1,0.0,2019,2,6,12
2019-07-12,35.3,18.7,51.5,15.1,30.4,0.0,2019,3,7,12
2019-08-12,33.7,25.2,71.8,7.2,30.5,0.0,2019,3,8,12
2019-09-12,48.9,48.6,99.0,10.2,30.0,0.23,2019,3,9,12
2019-10-12,52.8,51.5,95.8,11.2,29.9,1.48,2019,4,10,12
2019-11-12,34.9,30.1,84.5,11.8,30.3,0.39,2019,4,11,12
2019-12-12,30.6,14.6,52.8,10.0,30.7,0.05,2019,4,12,12
2019-12-13,44.8,42.3,91.5,8.5,30.3,0.0,2019,4,12,13
2019-12-14,52.3,51.5,97.5,14.7,29.4,2.72,2019,4,12,14
2019-12-15,43.8,29.8,59.2,20.1,29.8,0.05,2019,4,12,15
2019-12-16,35.0,22.1,60.5,6.8,30.2,0.0,2019,4,12,16
2019-12-17,33.8,33.0,97.0,12.0,29.8,0.72,2019,4,12,17
2019-12-18,32.2,24.4,73.3,17.6,29.9,0.57,2019,4,12,18
2019-12-19,21.8,7.2,53.5,19.0,30.3,0.0,2019,4,12,19
2019-12-20,27.8,13.3,55.0,12.0,30.5,0.0,2019,4,12,20
2019-12-21,29.6,21.8,73.0,5.8,30.6,0.0,2019,4,12,21
2019-12-22,36.8,28.5,72.4,10.8,30.3,0.0,2019,4,12,22
2019-12-23,41.9,32.8,71.8,10.7,30.1,0.0,2019,4,12,23
2019-12-24,41.7,28.2,59.9,11.5,30.1,0.0,2019,4,12,24
2019-12-25,36.5,29.4,76.5,4.5,30.2,0.0,2019,4,12,25
2019-12-26,39.9,36.7,89.0,7.7,30.3,0.0,2019,4,12,26
2019-12-27,48.5,44.4,86.1,8.1,30.2,0.0,2019,4,12,27
2019-12-28,45.2,37.1,75.7,8.6,30.2,0.0,2019,4,12,28
2019-12-29,40.4,34.9,81.8,6.4,30.2,0.0,2019,4,12,29
2019-12-30,41.5,41.2,99.1,18.7,29.8,0.59,2019,4,12,30
2019-12-31,40.7,37.8,89.7,11.1,29.7,0.27,2019,4,12,31
2020-01-01,38.2,23.4,55.8,17.8,29.8,0.0,2020,1,1,1
2020-02-01,39.1,31.3,73.7,10.1,29.9,0.0,2020,1,2,1
2020-03-01,44.9,43.8,95.9,6.8,29.8,0.04,2020,1,3,1
2020-04-01,47.0,45.4,95.8,7.3,29.6,0.23,2020,2,4,1
2020-05-01,39.1,24.1,55.8,21.8,29.8,0.02,2020,2,5,1
2020-06-01,38.0,28.6,70.8,13.5,30.0,0.03,2020,2,6,1
2020-07-01,38.9,28.1,68.0,8.9,30.0,0.0,2020,3,7,1
2020-08-01,35.6,22.5,63.3,20.0,30.0,0.03,2020,3,8,1
2020-09-01,29.1,10.2,46.1,11.9,30.7,0.0,2020,3,9,1
2020-10-01,42.2,37.6,84.2,7.9,30.5,0.0,2020,4,10,1
2020-11-01,51.3,49.9,95.0,17.3,30.2,0.0,2020,4,11,1
2020-12-01,57.1,47.4,74.4,20.8,30.0,0.03,2020,4,12,1
2020-01-13,42.7,39.0,87.5,7.4,30.4,0.0,2020,1,1,13
2020-01-14,42.1,39.8,92.5,5.3,30.3,0.0,2020,1,1,14
2020-01-15,45.3,38.6,80.2,8.7,30.1,0.03,2020,1,1,15
2020-01-16,44.2,36.4,77.1,19.9,29.9,0.03,2020,1,1,16
2020-01-17,27.2,3.4,37.2,22.5,30.5,0.0,2020,1,1,17
2020-01-18,28.1,19.9,74.5,11.2,30.3,0.0,2020,1,1,18
2020-01-19,38.9,28.4,69.5,16.0,29.8,0.58,2020,1,1,19
2020-01-20,26.3,5.2,42.4,18.4,30.2,0.0,2020,1,1,20
2020-01-21,26.5,8.7,48.2,9.3,30.4,0.0,2020,1,1,21
2020-01-22,30.3,17.8,60.4,3.9,30.4,0.0,2020,1,1,22
2020-01-23,35.6,26.2,70.2,6.6,30.4,0.0,2020,1,1,23
2020-01-24,40.8,30.1,69.9,5.7,30.3,0.0,2020,1,1,24
2020-01-25,44.9,44.2,97.4,16.1,29.9,0.0,2020,1,1,25
2020-01-26,41.5,33.4,75.0,13.2,29.8,0.89,2020,1,1,26
2020-01-27,40.8,30.0,66.0,14.3,29.7,0.0,2020,1,1,27
2020-01-28,40.3,26.4,58.1,17.8,29.8,0.0,2020,1,1,28
2020-01-29,35.9,18.1,48.9,14.7,30.1,0.0,2020,1,1,29
2020-01-30,30.8,19.4,63.2,7.1,30.3,0.0,2020,1,1,30
2020-01-31,38.3,32.2,79.2,6.2,30.3,0.0,2020,1,1,31
2020-01-02,39.4,38.1,95.3,3.2,29.9,0.02,2020,1,1,2
2020-02-02,38.6,33.3,82.9,10.3,29.6,0.0,2020,1,2,2
2020-03-02,44.0,36.3,76.2,10.5,29.8,0.0,2020,1,3,2
2020-04-02,46.2,42.6,87.3,5.0,29.8,0.0,2020,2,4,2
2020-05-02,42.0,30.6,66.3,10.8,30.0,0.0,2020,2,5,2
2020-06-02,40.2,38.3,93.4,8.3,29.6,0.0,2020,2,6,2
2020-07-02,42.9,37.9,84.3,19.0,29.2,0.19,2020,3,7,2
2020-08-02,35.3,17.2,48.4,14.9,30.1,0.15,2020,3,8,2
2020-09-02,37.6,28.3,69.9,10.5,30.4,0.0,2020,3,9,2
2020-10-02,43.9,39.7,85.9,13.3,30.2,0.02,2020,4,10,2
2020-11-02,45.8,43.0,90.5,7.7,29.9,0.55,2020,4,11,2
2020-12-02,41.6,25.2,53.3,15.0,30.1,0.14,2020,4,12,2
2020-02-13,40.3,36.7,87.7,7.8,29.8,0.31,2020,1,2,13
2020-02-14,31.6,11.0,44.2,16.9,30.2,0.12,2020,1,2,14
2020-02-15,22.6,7.0,51.8,10.6,30.6,0.0,2020,1,2,15
2020-02-16,36.1,26.1,67.8,10.0,30.2,0.0,2020,1,2,16
2020-02-17,41.2,28.0,62.3,5.0,30.2,0.0,2020,1,2,17
2020-02-18,43.0,36.6,80.0,10.5,30.2,0.0,2020,1,2,18
2020-02-19,43.8,24.4,50.0,14.8,30.2,0.0,2020,1,2,19
2020-02-20,32.5,11.9,43.2,13.7,30.4,0.0,2020,1,2,20
2020-02-21,28.2,6.1,40.7,12.2,30.4,0.0,2020,1,2,21
2020-02-22,38.5,14.3,39.0,13.3,30.3,0.0,2020,1,2,22
2020-02-23,42.1,24.5,52.7,11.9,30.2,0.0,2020,1,2,23
2020-02-24,43.6,35.8,75.8,6.5,30.0,0.0,2020,1,2,24
2020-02-25,45.7,44.7,96.7,5.0,29.9,0.0,2020,1,2,25
2020-02-26,46.0,45.2,97.5,10.0,29.9,0.2,2020,1,2,26
2020-02-27,41.8,32.3,73.6,25.6,29.5,1.01,2020,1,2,27
2020-02-28,35.3,15.3,44.5,22.3,29.8,0.0,2020,1,2,28
2020-02-29,31.3,9.9,41.0,18.0,29.9,0.0,2020,1,2,29
2020-01-03,35.0,15.2,45.7,14.6,30.1,0.0,2020,1,1,3
2020-02-03,44.3,36.8,75.0,15.8,30.0,0.0,2020,1,2,3
2020-03-03,47.7,46.3,94.9,12.2,29.6,0.0,2020,1,3,3
2020-04-03,50.6,33.0,53.4,19.6,29.7,0.28,2020,2,4,3
2020-05-03,44.0,29.6,58.6,13.8,30.1,0.0,2020,2,5,3
2020-06-03,41.1,36.5,84.3,11.3,29.9,0.0,2020,2,6,3
2020-07-03,40.4,17.0,46.5,19.9,30.2,0.0,2020,3,7,3
2020-08-03,44.5,22.4,42.3,12.4,30.4,0.0,2020,3,8,3
2020-09-03,50.1,35.6,59.7,12.1,30.3,0.0,2020,3,9,3
2020-10-03,53.2,45.7,76.3,11.0,30.1,0.0,2020,4,10,3
2020-11-03,49.4,33.7,55.9,9.1,30.1,0.0,2020,4,11,3
2020-12-03,44.0,40.3,87.0,9.9,30.1,0.0,2020,4,12,3
2020-03-13,55.1,44.8,77.5,17.6,29.9,0.29,2020,1,3,13
2020-03-14,49.4,23.2,36.0,16.5,30.3,0.06,2020,1,3,14
2020-03-15,45.5,24.9,46.4,10.9,30.4,0.0,2020,1,3,15
2020-03-16,39.1,24.1,56.7,13.1,30.5,0.0,2020,1,3,16
2020-03-17,46.4,42.1,85.7,10.0,30.2,0.06,2020,1,3,17
2020-03-18,45.8,31.3,57.9,10.1,30.4,0.12,2020,1,3,18
2020-03-19,46.7,44.5,92.7,9.3,30.3,1.07,2020,1,3,19
2020-03-20,52.3,47.8,87.0,7.0,30.0,0.01,2020,1,3,20
2020-03-21,48.9,24.0,39.2,15.2,30.3,0.0,2020,1,3,21
2020-03-22,38.2,17.2,43.9,14.4,30.6,0.0,2020,1,3,22
2020-03-23,39.4,35.9,88.7,18.7,30.2,0.0,2020,1,3,23
2020-03-24,43.9,34.7,72.2,11.8,30.1,1.28,2020,1,3,24
2020-03-25,43.2,35.5,74.3,14.0,30.1,0.0,2020,1,3,25
2020-03-26,44.5,35.4,71.9,12.5,30.0,0.0,2020,1,3,26
2020-03-27,54.3,40.6,65.9,9.1,29.9,0.0,2020,1,3,27
2020-03-28,48.3,42.1,81.7,10.8,30.1,0.0,2020,1,3,28
2020-03-29,47.3,47.3,100.0,11.2,29.9,0.39,2020,1,3,29
2020-03-30,44.8,43.5,95.4,6.8,29.9,0.07,2020,1,3,30
2020-03-31,42.7,38.2,84.4,7.8,30.0,0.06,2020,1,3,31
2020-01-04,45.5,30.1,57.8,13.2,29.8,0.0,2020,1,1,4
2020-02-04,49.2,30.0,48.8,22.9,29.7,0.0,2020,1,2,4
2020-03-04,48.9,41.6,76.2,21.5,29.7,0.0,2020,1,3,4
2020-04-04,49.0,42.5,79.4,11.3,30.0,0.01,2020,2,4,4
2020-05-04,48.9,46.2,90.9,5.8,30.0,0.0,2020,2,5,4
2020-06-04,52.9,41.0,67.6,8.5,30.0,0.06,2020,2,6,4
2020-07-04,54.7,34.8,50.8,10.4,29.9,0.0,2020,3,7,4
2020-08-04,54.2,49.5,86.0,9.6,29.6,0.18,2020,3,8,4
2020-09-04,50.2,43.6,81.8,13.7,29.4,0.0,2020,3,9,4
2020-10-04,43.9,28.2,55.0,24.4,29.5,0.13,2020,4,10,4
2020-11-04,43.8,21.4,41.7,18.3,29.9,0.0,2020,4,11,4
